setting,subset,metric,comparison,config_low_reference,config_high_reference,a_n_drives,b_n_drives,a_median,b_median,diff,diff_pct_of_a,drive_boot_ci_low,drive_boot_ci_high,exact_drive_perm_p,a_n_windows,b_n_windows,matched_strata
broad_band,all_eligible,steer_rms_deg,B-minus-A,A,B,3,1,0.8753522617748094,0.8932417266957845,0.017889464920975096,2.04368751897705,-0.056942104182436726,0.020042005836319654,1.0,42,11,
broad_band,all_eligible,steer_rms_deg,C-minus-A,A,C,3,2,0.8753522617748094,0.7240865202285429,-0.15126574154626649,-17.280556428742134,-0.27946823013526834,-0.0957422811453319,0.1,42,31,
broad_band,all_eligible,steer_rms_deg,C-minus-B,B,C,1,2,0.8932417266957845,0.7240865202285429,-0.16915520646724158,-18.93722621904021,-0.2225261259528316,-0.11578428698165155,0.3333333333333333,11,31,
broad_band,all_eligible,actual_curv_rms_1pm,B-minus-A,A,B,3,1,2.28749943161082,1.9542270879239425,-0.3332723436868774,-14.569286404245899,-0.4337840632465684,-0.22153655490520552,0.25,42,11,
broad_band,all_eligible,actual_curv_rms_1pm,C-minus-A,A,C,3,2,2.28749943161082,1.6426151406531453,-0.6448842909576746,-28.19166999764269,-0.9235349889722457,-0.3550095237211224,0.1,42,31,
broad_band,all_eligible,actual_curv_rms_1pm,C-minus-B,B,C,1,2,1.9542270879239425,1.6426151406531453,-0.3116119472707972,-15.94553412939515,-0.48975092572567736,-0.13347296881591686,0.6666666666666666,11,31,
broad_band,all_eligible,lat_accel_rms_mps2,B-minus-A,A,B,3,1,0.1189985393830599,0.13670284067978808,0.017704301296728175,14.877746725728702,0.002657085871815762,0.022219871147903206,0.5,42,11,
broad_band,all_eligible,lat_accel_rms_mps2,C-minus-A,A,C,3,2,0.1189985393830599,0.11017542427403007,-0.008823115109029833,-7.414473450491656,-0.03734766139525349,0.009169785603456423,0.5,42,31,
broad_band,all_eligible,lat_accel_rms_mps2,C-minus-B,B,C,1,2,0.13670284067978808,0.11017542427403007,-0.02652741640575801,-19.405168373856746,-0.04000474726706925,-0.013050085544446782,0.6666666666666666,11,31,
broad_band,all_eligible,cmd_curv_rms_1pm,B-minus-A,A,B,3,1,1.9160265138940027,1.8532255437202159,-0.06280097017378683,-3.2776670739359646,-0.2609067155731368,-0.012913330853962401,0.5,42,11,
broad_band,all_eligible,cmd_curv_rms_1pm,C-minus-A,A,C,3,2,1.9160265138940027,1.6645196696120486,-0.25150684428195413,-13.126480372696337,-0.4962425555333607,-0.15498923911007312,0.3,42,31,
broad_band,all_eligible,cmd_curv_rms_1pm,C-minus-B,B,C,1,2,1.8532255437202159,1.6645196696120486,-0.1887058741081673,-10.18256384106135,-0.2353358399602239,-0.14207590825611072,0.3333333333333333,11,31,
broad_band,all_eligible,desired_curv_rms_1pm,B-minus-A,A,B,3,1,1.9160768670400452,1.8531436573170261,-0.06293320972301908,-3.284482517668421,-0.2610514116552023,-0.012964689841181931,0.5,42,11,
broad_band,all_eligible,desired_curv_rms_1pm,C-minus-A,A,C,3,2,1.9160768670400452,1.66452333083968,-0.25155353620036514,-13.128572268030403,-0.49630672355805605,-0.15495003089302006,0.3,42,31,
broad_band,all_eligible,desired_curv_rms_1pm,C-minus-B,B,C,1,2,1.8531436573170261,1.66452333083968,-0.18862032647734606,-10.178397434682953,-0.23525531190285376,-0.14198534105183813,0.3333333333333333,11,31,
loose_curve,all_eligible,steer_rms_deg,B-minus-A,A,B,3,1,0.8633269961426697,0.739736467201132,-0.12359052894153777,-14.315610364756129,-0.20134358642620154,-0.09119851842822391,0.25,45,11,
loose_curve,all_eligible,steer_rms_deg,C-minus-A,A,C,3,2,0.8633269961426697,0.614290917744432,-0.24903607839823771,-28.846089547868495,-0.32920850387247846,-0.21422469989534687,0.3,45,31,
loose_curve,all_eligible,steer_rms_deg,C-minus-B,B,C,1,2,0.739736467201132,0.614290917744432,-0.12544554945669995,-16.958140502567883,-0.12786491744627693,-0.12302618146712296,0.3333333333333333,11,31,
loose_curve,all_eligible,actual_curv_rms_1pm,B-minus-A,A,B,3,1,2.1943622165527144,1.712604632738698,-0.48175758381401645,-21.954332797930007,-0.6299010455629983,-0.32952298748047393,0.25,45,11,
loose_curve,all_eligible,actual_curv_rms_1pm,C-minus-A,A,C,3,2,2.1943622165527144,1.4230406378381533,-0.7713215787145611,-35.15014854413084,-0.9276513220135687,-0.6109007008309926,0.2,45,31,
loose_curve,all_eligible,actual_curv_rms_1pm,C-minus-B,B,C,1,2,1.712604632738698,1.4230406378381533,-0.28956399490054463,-16.90781336013851,-0.2977502764505704,-0.28137771335051864,0.3333333333333333,11,31,
loose_curve,all_eligible,lat_accel_rms_mps2,B-minus-A,A,B,3,1,0.11687025014367672,0.13239550115741291,0.015525251013736197,13.284177106363618,0.0012126018727401655,0.022991848284983935,0.5,45,11,
loose_curve,all_eligible,lat_accel_rms_mps2,C-minus-A,A,C,3,2,0.11687025014367672,0.08873994615340104,-0.028130303990275676,-24.069687500192,-0.04539626729296359,-0.017710392557336058,0.3,45,31,
loose_curve,all_eligible,lat_accel_rms_mps2,C-minus-B,B,C,1,2,0.13239550115741291,0.08873994615340104,-0.04365555500401187,-32.97359398345959,-0.046608869165703753,-0.04070224084231999,0.3333333333333333,11,31,
loose_curve,all_eligible,cmd_curv_rms_1pm,B-minus-A,A,B,3,1,1.890507186033314,1.58566703929724,-0.30484014673607396,-16.12478116921065,-0.5717006662114281,-0.19992885032032515,0.5,45,11,
loose_curve,all_eligible,cmd_curv_rms_1pm,C-minus-A,A,C,3,2,1.890507186033314,1.416946409569932,-0.473560776463382,-25.04940367124513,-0.857134775352844,-0.2519360006335254,0.2,45,31,
loose_curve,all_eligible,cmd_curv_rms_1pm,C-minus-B,B,C,1,2,1.58566703929724,1.416946409569932,-0.16872062972730806,-10.640356742364036,-0.28543410914141587,-0.052007150313200246,0.6666666666666666,11,31,
loose_curve,all_eligible,desired_curv_rms_1pm,B-minus-A,A,B,3,1,1.8904456198206807,1.5857138358960867,-0.304731783924594,-16.11957417497677,-0.5716881274603658,-0.20000490459935616,0.5,45,11,
loose_curve,all_eligible,desired_curv_rms_1pm,C-minus-A,A,C,3,2,1.8904456198206807,1.4169526944823543,-0.47349292533832643,-25.04663029573101,-0.857156450676769,-0.2520588642104178,0.2,45,31,
loose_curve,all_eligible,desired_curv_rms_1pm,C-minus-B,B,C,1,2,1.5857138358960867,1.4169526944823543,-0.16876114141373244,-10.64259752254514,-0.28546832321640325,-0.05205395961106163,0.6666666666666666,11,31,
lower_speed,all_eligible,steer_rms_deg,B-minus-A,A,B,3,1,0.8987686874669212,0.739736467201132,-0.15903222026578923,-17.694454922990666,-0.19255777509924377,-0.14599095079693825,0.25,48,13,
lower_speed,all_eligible,steer_rms_deg,C-minus-A,A,C,3,2,0.8987686874669212,0.652729271142676,-0.2460394163242452,-27.375165574323656,-0.32097256047453004,-0.1915905575385638,0.1,48,40,
lower_speed,all_eligible,steer_rms_deg,C-minus-B,B,C,1,2,0.739736467201132,0.652729271142676,-0.08700719605845597,-11.761917914856426,-0.12841478537528628,-0.045599606741625553,0.6666666666666666,13,40,
lower_speed,all_eligible,actual_curv_rms_1pm,B-minus-A,A,B,3,1,2.2998249273660467,1.712604632738698,-0.5872202946273488,-25.533260712148337,-0.6168933440845252,-0.5082834838971084,0.25,48,13,
lower_speed,all_eligible,actual_curv_rms_1pm,C-minus-A,A,C,3,2,2.2998249273660467,1.5814665267882813,-0.7183584005777655,-31.23535152740909,-0.9167456537412695,-0.47070738614119745,0.1,48,40,
lower_speed,all_eligible,actual_curv_rms_1pm,C-minus-B,B,C,1,2,1.712604632738698,1.5814665267882813,-0.13113810595041664,-7.657231765203635,-0.29985230965674425,0.037576097755910975,1.0,13,40,
lower_speed,all_eligible,lat_accel_rms_mps2,B-minus-A,A,B,3,1,0.11784980879278494,0.11236332637273659,-0.005486482420048344,-4.655486908506754,-0.016000576255226676,0.004004503163070147,1.0,48,13,
lower_speed,all_eligible,lat_accel_rms_mps2,C-minus-A,A,C,3,2,0.11784980879278494,0.09058079653533448,-0.02726901225745046,-23.13878362365229,-0.03866514787910036,-0.0168959848878604,0.2,48,40,
lower_speed,all_eligible,lat_accel_rms_mps2,C-minus-B,B,C,1,2,0.11236332637273659,0.09058079653533448,-0.021782529837402115,-19.38580010095478,-0.022664571623873683,-0.020900488050930546,0.3333333333333333,13,40,
lower_speed,all_eligible,cmd_curv_rms_1pm,B-minus-A,A,B,3,1,1.933300599705966,1.5888267006204169,-0.34447389908554915,-17.817917148421714,-0.504081944439005,-0.31674646525754846,0.25,48,13,
lower_speed,all_eligible,cmd_curv_rms_1pm,C-minus-A,A,C,3,2,1.933300599705966,1.4758737805188815,-0.4574268191870845,-23.66040848777754,-0.7967454385259991,-0.24998881137362527,0.1,48,40,
lower_speed,all_eligible,cmd_curv_rms_1pm,C-minus-B,B,C,1,2,1.5888267006204169,1.4758737805188815,-0.11295292010153535,-7.109203291801973,-0.2926634940869941,0.06675765388392318,1.0,13,40,
lower_speed,all_eligible,desired_curv_rms_1pm,B-minus-A,A,B,3,1,1.933221454074277,1.5888454518608937,-0.34437600221338327,-17.813582685398437,-0.5041379244123245,-0.31668667721179267,0.25,48,13,
lower_speed,all_eligible,desired_curv_rms_1pm,C-minus-A,A,C,3,2,1.933221454074277,1.475875502549137,-0.4573459515251399,-23.65719408716887,-0.7968076032825286,-0.24995689696510182,0.1,48,40,
lower_speed,all_eligible,desired_curv_rms_1pm,C-minus-B,B,C,1,2,1.5888454518608937,1.475875502549137,-0.11296994931175663,-7.11019118816393,-0.2926696788702041,0.06672978024669085,1.0,13,40,
narrow_band,all_eligible,steer_rms_deg,B-minus-A,A,B,3,1,0.8333966014645172,0.5434117700012657,-0.2899848314632515,-34.795538037191996,-0.380746070295918,-0.2650800350032074,0.25,42,11,
narrow_band,all_eligible,steer_rms_deg,C-minus-A,A,C,3,2,0.8333966014645172,0.5258036142574112,-0.30759298720710604,-36.908356317577585,-0.4065631633356257,-0.2744792534512087,0.3,42,31,
narrow_band,all_eligible,steer_rms_deg,C-minus-B,B,C,1,2,0.5434117700012657,0.5258036142574112,-0.017608155743854548,-3.2402970851760413,-0.025817093039707695,-0.00939921844800129,0.6666666666666666,11,31,
narrow_band,all_eligible,actual_curv_rms_1pm,B-minus-A,A,B,3,1,1.9140602990967948,1.337466211558381,-0.5765940875384137,-30.124133905838622,-0.9662689699525631,-0.538020164959643,0.25,42,11,
narrow_band,all_eligible,actual_curv_rms_1pm,C-minus-A,A,C,3,2,1.9140602990967948,1.2452845116999978,-0.668775787396797,-34.940162946401344,-1.150372186579931,-0.5382803480490417,0.3,42,31,
narrow_band,all_eligible,actual_curv_rms_1pm,C-minus-B,B,C,1,2,1.337466211558381,1.2452845116999978,-0.09218169985838331,-6.892263824068914,-0.18410321662736795,-0.00026018308939868007,0.6666666666666666,11,31,
narrow_band,all_eligible,lat_accel_rms_mps2,B-minus-A,A,B,3,1,0.10926841436866244,0.1007278042190487,-0.008540610149613742,-7.816174691433191,-0.024986280537541317,-0.0025235271445537555,0.5,42,11,
narrow_band,all_eligible,lat_accel_rms_mps2,C-minus-A,A,C,3,2,0.10926841436866244,0.07271545661095563,-0.03655295775770681,-33.45244640814518,-0.053780239260241766,-0.029754263638039458,0.3,42,31,
narrow_band,all_eligible,lat_accel_rms_mps2,C-minus-B,B,C,1,2,0.1007278042190487,0.07271545661095563,-0.02801234760809307,-27.809945650334782,-0.02879395872270045,-0.027230736493485702,0.3333333333333333,11,31,
narrow_band,all_eligible,cmd_curv_rms_1pm,B-minus-A,A,B,3,1,1.6903975331269963,1.2402300601970715,-0.45016747292992476,-26.63086428534823,-0.8161258443356874,-0.3433897373235413,0.5,42,11,
narrow_band,all_eligible,cmd_curv_rms_1pm,C-minus-A,A,C,3,2,1.6903975331269963,1.284695527900364,-0.40570200522663225,-24.000390279565835,-0.984703648511323,-0.08588099774132085,0.1,42,31,
narrow_band,all_eligible,cmd_curv_rms_1pm,C-minus-B,B,C,1,2,1.2402300601970715,1.284695527900364,0.044465467703292516,3.5852596328964155,-0.16857780417563561,0.2575087395822204,1.0,11,31,
narrow_band,all_eligible,desired_curv_rms_1pm,B-minus-A,A,B,3,1,1.6903463846880968,1.2402219555993148,-0.45012442908878203,-26.629123661647554,-0.8162022545998848,-0.34340758716667974,0.5,42,11,
narrow_band,all_eligible,desired_curv_rms_1pm,C-minus-A,A,C,3,2,1.6903463846880968,1.2847026665485282,-0.4056437181395687,-23.997668277583127,-0.9847582813894955,-0.08589013847864257,0.1,42,31,
narrow_band,all_eligible,desired_curv_rms_1pm,C-minus-B,B,C,1,2,1.2402219555993148,1.2847026665485282,0.04448071094921335,3.5865121358635244,-0.16855602678961068,0.25751744868803716,1.0,11,31,
primary,all_eligible,steer_rms_deg,B-minus-A,A,B,3,1,0.8409265742872691,0.739736467201132,-0.10119010708613718,-12.033167957844748,-0.19255777509924377,-0.07963134361532065,0.5,42,11,
primary,all_eligible,steer_rms_deg,C-minus-A,A,C,3,2,0.8409265742872691,0.614290917744432,-0.22663565654283713,-26.95070693121134,-0.3204226925455207,-0.2026575250824436,0.3,42,31,
primary,all_eligible,steer_rms_deg,C-minus-B,B,C,1,2,0.739736467201132,0.614290917744432,-0.12544554945669995,-16.958140502567883,-0.12786491744627693,-0.12302618146712296,0.3333333333333333,11,31,
primary,all_eligible,actual_curv_rms_1pm,B-minus-A,A,B,3,1,2.0888995057393815,1.712604632738698,-0.37629487300068365,-18.014024703763393,-0.6168933440845252,-0.3135103236747916,0.25,42,11,
primary,all_eligible,actual_curv_rms_1pm,C-minus-A,A,C,3,2,2.0888995057393815,1.4230406378381533,-0.6658588679012283,-31.876060388340345,-0.9146436205350956,-0.5948880370253102,0.3,42,31,
primary,all_eligible,actual_curv_rms_1pm,C-minus-B,B,C,1,2,1.712604632738698,1.4230406378381533,-0.28956399490054463,-16.90781336013851,-0.2977502764505704,-0.28137771335051864,0.3333333333333333,11,31,
primary,all_eligible,lat_accel_rms_mps2,B-minus-A,A,B,3,1,0.1127746309101268,0.13239550115741291,0.01962087024728612,17.39830145214355,0.004031598529449648,0.023732124399310356,0.5,42,11,
primary,all_eligible,lat_accel_rms_mps2,C-minus-A,A,C,3,2,0.1127746309101268,0.08873994615340104,-0.024034684756725752,-21.312137812164202,-0.042577270636254105,-0.016970116443009636,0.3,42,31,
primary,all_eligible,lat_accel_rms_mps2,C-minus-B,B,C,1,2,0.13239550115741291,0.08873994615340104,-0.04365555500401187,-32.97359398345959,-0.046608869165703753,-0.04070224084231999,0.3333333333333333,11,31,
primary,all_eligible,cmd_curv_rms_1pm,B-minus-A,A,B,3,1,1.8754412061886625,1.58566703929724,-0.28977416689142244,-15.450986463090022,-0.5072416057621818,-0.06259570647520873,0.5,42,11,
primary,all_eligible,cmd_curv_rms_1pm,C-minus-A,A,C,3,2,1.8754412061886625,1.416946409569932,-0.4584947966187305,-24.4473031255669,-0.7926757149035977,-0.11460285678840898,0.1,42,31,
primary,all_eligible,cmd_curv_rms_1pm,C-minus-B,B,C,1,2,1.58566703929724,1.416946409569932,-0.16872062972730806,-10.640356742364036,-0.28543410914141587,-0.052007150313200246,0.6666666666666666,11,31,
primary,all_eligible,desired_curv_rms_1pm,B-minus-A,A,B,3,1,1.875359110568675,1.5857138358960867,-0.2896452746725884,-15.4447899093181,-0.5072695403771315,-0.06255240169581278,0.5,42,11,
primary,all_eligible,desired_curv_rms_1pm,C-minus-A,A,C,3,2,1.875359110568675,1.4169526944823543,-0.4584064160863208,-24.44366060361185,-0.7927378635935347,-0.1146063613068744,0.1,42,31,
primary,all_eligible,desired_curv_rms_1pm,C-minus-B,B,C,1,2,1.5857138358960867,1.4169526944823543,-0.16876114141373244,-10.64259752254514,-0.28546832321640325,-0.05205395961106163,0.6666666666666666,11,31,
strict_curve,all_eligible,steer_rms_deg,B-minus-A,A,B,3,1,0.8353909055061834,0.7358760339235144,-0.09951487158266903,-11.912371911969831,-0.1964182083768613,-0.05461044764083145,0.5,37,10,
strict_curve,all_eligible,steer_rms_deg,C-minus-A,A,C,3,2,0.8353909055061834,0.575681759848794,-0.25970914565738945,-31.08833768067243,-0.38291797686767737,-0.18849922729945623,0.2,37,28,
strict_curve,all_eligible,steer_rms_deg,C-minus-B,B,C,1,2,0.7358760339235144,0.575681759848794,-0.16019427407472042,-21.76919300124547,-0.18649976849081606,-0.13388877965862478,0.3333333333333333,10,28,
strict_curve,all_eligible,actual_curv_rms_1pm,B-minus-A,A,B,3,1,1.9477340580960778,1.8031064787702822,-0.14462757932579562,-7.425427446043121,-0.5263914980529409,-0.07086831718041098,0.5,37,10,
strict_curve,all_eligible,actual_curv_rms_1pm,C-minus-A,A,C,3,2,1.9477340580960778,1.3204799709499895,-0.6272540871460883,-32.20429835062971,-1.0182441629721442,-0.544268667901793,0.3,37,28,
strict_curve,all_eligible,actual_curv_rms_1pm,C-minus-B,B,C,1,2,1.8031064787702822,1.3204799709499895,-0.4826265078202927,-26.766389755830936,-0.4918526649192032,-0.473400350721382,0.3333333333333333,10,28,
strict_curve,all_eligible,lat_accel_rms_mps2,B-minus-A,A,B,3,1,0.11020541293512902,0.1303316378882424,0.020126224953113378,18.262464988866217,0.00196773526027913,0.025983134239840666,0.5,37,10,
strict_curve,all_eligible,lat_accel_rms_mps2,C-minus-A,A,C,3,2,0.11020541293512902,0.08812607396950364,-0.022079338965625375,-20.034713701968606,-0.04232223669714941,-0.01413802164020829,0.3,37,28,
strict_curve,all_eligible,lat_accel_rms_mps2,C-minus-B,B,C,1,2,0.1303316378882424,0.08812607396950364,-0.04220556391873875,-32.38320687332224,-0.04428997195742854,-0.040121155880048956,0.3333333333333333,10,28,
strict_curve,all_eligible,cmd_curv_rms_1pm,B-minus-A,A,B,3,1,1.7176247904715756,1.6005850815429294,-0.11703970892864612,-6.8140439971475235,-0.4923235635164924,-0.010433778879521682,0.5,37,10,
strict_curve,all_eligible,cmd_curv_rms_1pm,C-minus-A,A,C,3,2,1.7176247904715756,1.4114141365090225,-0.3062106539625531,-17.827563718295117,-0.7986390862867438,-0.08246014617708441,0.3,37,28,
strict_curve,all_eligible,cmd_curv_rms_1pm,C-minus-B,B,C,1,2,1.6005850815429294,1.4114141365090225,-0.18917094503390697,-11.818862190790274,-0.3063155227702514,-0.07202636729756273,0.6666666666666666,10,28,
strict_curve,all_eligible,desired_curv_rms_1pm,B-minus-A,A,B,3,1,1.7176719279373454,1.6006050668894263,-0.11706686104791908,-6.815437752918162,-0.4923783093837919,-0.010429677163773743,0.5,37,10,
strict_curve,all_eligible,desired_curv_rms_1pm,C-minus-A,A,C,3,2,1.7176719279373454,1.4114213222057381,-0.30625060573160723,-17.829400408223833,-0.7987010279512412,-0.08247444796370074,0.3,37,28,
strict_curve,all_eligible,desired_curv_rms_1pm,C-minus-B,B,C,1,2,1.6006050668894263,1.4114213222057381,-0.18918374468368815,-11.81951429476247,-0.3063227185674493,-0.072044770799927,0.6666666666666666,10,28,
broad_band,speed_curve_matched,steer_rms_deg,B-minus-A,A,B,3,1,0.7184270438052233,0.9014787648033575,0.18305172099813427,25.479514249433297,0.08982809139541215,0.2862643818881325,0.5,14,8,3.0
broad_band,speed_curve_matched,actual_curv_rms_1pm,B-minus-A,A,B,3,1,1.7502977007767426,2.0216822248613084,0.2713845240845658,15.505049453251951,0.10805875732595016,0.644714611625989,0.5,14,8,3.0
broad_band,speed_curve_matched,lat_accel_rms_mps2,B-minus-A,A,B,3,1,0.11040614702666302,0.15389820075694566,0.04349205373028264,39.39278283099521,0.023339508782970003,0.06185080558717873,0.25,14,8,3.0
broad_band,speed_curve_matched,cmd_curv_rms_1pm,B-minus-A,A,B,3,1,1.5215848638065081,1.9264854159440432,0.40490055213753506,26.610448208889657,0.2899585184846689,0.8314614017717616,0.5,14,8,3.0
broad_band,speed_curve_matched,desired_curv_rms_1pm,B-minus-A,A,B,3,1,1.5215247094311302,1.9264474381003824,0.4049227286692523,26.612957788943522,0.2899348340441732,0.8314752066344386,0.5,14,8,3.0
broad_band,gps_speed_curve_matched,steer_rms_deg,B-minus-A,A,B,2,1,0.8359515965417529,0.8038098498601235,-0.03214174668162939,-3.844929157931696,-0.09968737767627067,0.03540388431301189,1.0,3,2,2.0
broad_band,gps_speed_curve_matched,actual_curv_rms_1pm,B-minus-A,A,B,2,1,1.9948064454821963,1.8786983737067948,-0.1161080717754015,-5.820518178009755,-0.3110231595667514,0.07880701601594842,1.0,3,2,2.0
broad_band,gps_speed_curve_matched,lat_accel_rms_mps2,B-minus-A,A,B,2,1,0.12637593189742508,0.1364851960461822,0.010109264148757124,7.999358736252454,-0.00159805616569908,0.02181658446321333,1.0,3,2,2.0
broad_band,gps_speed_curve_matched,cmd_curv_rms_1pm,B-minus-A,A,B,2,1,1.6936357456992552,1.7400932424864481,0.04645749678719291,2.7430630762940056,-0.10049318634268478,0.19340817991707082,1.0,3,2,2.0
broad_band,gps_speed_curve_matched,desired_curv_rms_1pm,B-minus-A,A,B,2,1,1.6936276939512063,1.7400763824585397,0.04644868850733341,2.742556033609097,-0.10050689665381496,0.19340427366848179,1.0,3,2,2.0
broad_band,speed_curve_matched,steer_rms_deg,C-minus-A,A,C,3,2,0.9415093032790849,0.8223396425768275,-0.11916966070225743,-12.657300388558436,-0.2627016735703468,0.02888155851437957,0.2,36,19,8.0
broad_band,speed_curve_matched,actual_curv_rms_1pm,C-minus-A,A,C,3,2,2.3326372804492257,1.8712209667581714,-0.4614163136910543,-19.780885676413156,-0.5858030489911139,-0.27890504838315855,0.1,36,19,8.0
broad_band,speed_curve_matched,lat_accel_rms_mps2,C-minus-A,A,C,3,2,0.12323587529101569,0.11831896600995069,-0.004916909281065002,-3.9898359706164728,-0.04213184537643366,0.02620355565256889,0.8,36,19,8.0
broad_band,speed_curve_matched,cmd_curv_rms_1pm,C-minus-A,A,C,3,2,2.0331772544113944,1.8474346878762962,-0.18574256653509824,-9.135581569786487,-0.3522363596072602,-0.0621490806616285,0.1,36,19,8.0
broad_band,speed_curve_matched,desired_curv_rms_1pm,C-minus-A,A,C,3,2,2.0335092712570053,1.847469008164429,-0.18604026309257637,-9.148729524974152,-0.3522034830980276,-0.062149550725368874,0.1,36,19,8.0
broad_band,gps_speed_curve_matched,steer_rms_deg,C-minus-A,A,C,1,2,1.4323363759317487,1.444219905989455,0.01188353005770626,0.8296605641936524,-0.6179498327381507,0.6417168928535633,1.0,4,4,4.0
broad_band,gps_speed_curve_matched,actual_curv_rms_1pm,C-minus-A,A,C,1,2,3.6561590126719907,3.814310275533579,0.1581512628615882,4.325612269965475,-1.6254812199730182,1.9417837456961942,1.0,4,4,4.0
broad_band,gps_speed_curve_matched,lat_accel_rms_mps2,C-minus-A,A,C,1,2,0.20621276208113565,0.21218205660990458,0.005969294528768931,2.8947260433960325,-0.09684197010577353,0.10878055916331142,1.0,4,4,4.0
broad_band,gps_speed_curve_matched,cmd_curv_rms_1pm,C-minus-A,A,C,1,2,3.2243060252271887,3.9699482012505083,0.7456421760233196,23.125663947198706,-1.286466388893378,2.777750740940017,1.0,4,4,4.0
broad_band,gps_speed_curve_matched,desired_curv_rms_1pm,C-minus-A,A,C,1,2,3.224269355046936,3.969938635709293,0.7456692806623573,23.126767603803454,-1.2864293019838857,2.7777678633086,1.0,4,4,4.0
broad_band,speed_curve_matched,steer_rms_deg,C-minus-B,B,C,1,2,0.7986285615754269,0.5798250986736173,-0.21880346290180963,-27.397400171887618,-0.2576654140348573,-0.17994151176876194,0.3333333333333333,10,8,4.0
broad_band,speed_curve_matched,actual_curv_rms_1pm,C-minus-B,B,C,1,2,1.8786983737067948,1.251483353027798,-0.6272150206789968,-33.38561577830402,-0.7639124821254792,-0.4905175592325146,0.3333333333333333,10,8,4.0
broad_band,speed_curve_matched,lat_accel_rms_mps2,C-minus-B,B,C,1,2,0.1364851960461822,0.09070411799017289,-0.04578107805600931,-33.54288917936453,-0.04770409819108895,-0.04385805792092966,0.3333333333333333,10,8,4.0
broad_band,speed_curve_matched,cmd_curv_rms_1pm,C-minus-B,B,C,1,2,1.7400932424864481,1.1899888567824937,-0.5501043857039545,-31.613500487933692,-0.6797439859743473,-0.4204647854335617,0.3333333333333333,10,8,4.0
broad_band,speed_curve_matched,desired_curv_rms_1pm,C-minus-B,B,C,1,2,1.7400763824585397,1.189978153063116,-0.5500982293954237,-31.613453003608637,-0.6796940114806709,-0.4205024473101766,0.3333333333333333,10,8,4.0
broad_band,gps_speed_curve_matched,steer_rms_deg,C-minus-B,B,C,1,1,0.5601887813223705,0.4450114444958246,-0.1151773368265459,-20.560450452909922,-0.1151773368265459,-0.1151773368265459,1.0,3,3,3.0
broad_band,gps_speed_curve_matched,actual_curv_rms_1pm,C-minus-B,B,C,1,1,1.1934592721039512,0.9752939812669995,-0.2181652908369517,-18.28007841879244,-0.2181652908369517,-0.2181652908369517,1.0,3,3,3.0
broad_band,gps_speed_curve_matched,lat_accel_rms_mps2,C-minus-B,B,C,1,1,0.09163969328994111,0.0778639184264116,-0.013775774863529502,-15.032541433703827,-0.013775774863529502,-0.013775774863529502,1.0,3,3,3.0
broad_band,gps_speed_curve_matched,cmd_curv_rms_1pm,C-minus-B,B,C,1,1,1.2512116097046746,0.9699982168603681,-0.28121339284430646,-22.47528640744324,-0.28121339284430646,-0.28121339284430646,1.0,3,3,3.0
broad_band,gps_speed_curve_matched,desired_curv_rms_1pm,C-minus-B,B,C,1,1,1.2512120609612079,0.969998534480916,-0.28121352648029185,-22.475288982129666,-0.28121352648029185,-0.28121352648029185,1.0,3,3,3.0
loose_curve,speed_curve_matched,steer_rms_deg,B-minus-A,A,B,3,1,0.6506093124627172,0.842547161669648,0.1919378492069308,29.501245298871996,0.053067014114867694,0.26143410817339063,0.5,14,8,3.0
loose_curve,speed_curve_matched,actual_curv_rms_1pm,B-minus-A,A,B,3,1,1.5521428525102563,1.9345518668872415,0.38240901437698516,24.637488344485888,0.09355307524909695,0.694794578138354,0.5,14,8,3.0
loose_curve,speed_curve_matched,lat_accel_rms_mps2,B-minus-A,A,B,3,1,0.09897715015565695,0.14006625826053953,0.04108910810488259,41.51373124025452,0.014467675067724645,0.05621896848878538,0.5,14,8,3.0
loose_curve,speed_curve_matched,cmd_curv_rms_1pm,B-minus-A,A,B,3,1,1.3906555738991133,1.7078348278742097,0.3171792539750964,22.807894343370066,0.14448219661304385,0.6122209030032695,0.5,14,8,3.0
loose_curve,speed_curve_matched,desired_curv_rms_1pm,B-minus-A,A,B,3,1,1.3906157757761153,1.7077936801709088,0.31717790439479354,22.80845003486126,0.14444848597475812,0.6121584196936489,0.5,14,8,3.0
loose_curve,gps_speed_curve_matched,steer_rms_deg,B-minus-A,A,B,2,1,0.8180030898696724,0.8119276530952855,-0.006075436774386933,-0.7427156265821558,-0.06080481931837722,0.04865394576960347,1.0,3,2,2.0
loose_curve,gps_speed_curve_matched,actual_curv_rms_1pm,B-minus-A,A,B,2,1,1.9332634086303648,1.9345518668872415,0.0012884582568766234,0.06664680307529544,-0.14911834666045065,0.15169526317420368,1.0,3,2,2.0
loose_curve,gps_speed_curve_matched,lat_accel_rms_mps2,B-minus-A,A,B,2,1,0.12222997604656337,0.14006625826053953,0.017836282213976165,14.592396064269417,0.008883358975866784,0.026789205452085546,0.6666666666666666,3,2,2.0
loose_curve,gps_speed_curve_matched,cmd_curv_rms_1pm,B-minus-A,A,B,2,1,1.6552824585299462,1.69291678562852,0.03763432709857395,2.2735894351225676,-0.039883508747281526,0.11515216294442943,1.0,3,2,2.0
loose_curve,gps_speed_curve_matched,desired_curv_rms_1pm,B-minus-A,A,B,2,1,1.655283064376699,1.692902449177569,0.037619384800870126,2.2726858994981503,-0.03990300119173429,0.11514177079347476,1.0,3,2,2.0
loose_curve,speed_curve_matched,steer_rms_deg,C-minus-A,A,C,3,2,0.8633269961426697,0.7144998617486233,-0.14882713439404638,-17.238790754720224,-0.4448370499119091,-0.0438834323078906,0.3,38,19,8.0
loose_curve,speed_curve_matched,actual_curv_rms_1pm,C-minus-A,A,C,3,2,2.1943622165527144,1.5953346477849926,-0.5990275687677218,-27.298481729637984,-1.1746715874404863,-0.48228141470208374,0.3,38,19,8.0
loose_curve,speed_curve_matched,lat_accel_rms_mps2,C-minus-A,A,C,3,2,0.11687025014367672,0.08839253622386749,-0.02847771391980923,-24.366948718599986,-0.057137543696125795,-0.015806333395581865,0.3,38,19,8.0
loose_curve,speed_curve_matched,cmd_curv_rms_1pm,C-minus-A,A,C,3,2,1.9495607378544775,1.6201038521199556,-0.3294568857345219,-16.899031629919595,-0.9078732064118906,-0.24330911463599847,0.3,38,19,8.0
loose_curve,speed_curve_matched,desired_curv_rms_1pm,C-minus-A,A,C,3,2,1.949640008016348,1.6201283427938011,-0.32951166522254693,-16.901154257590715,-0.907899394353445,-0.2431985705177946,0.3,38,19,8.0
loose_curve,gps_speed_curve_matched,steer_rms_deg,C-minus-A,A,C,1,2,1.1627250221508167,1.0954274367454924,-0.06729758540532438,-5.787919252037497,-0.47003287885648704,0.3354377080458384,1.0,4,4,4.0
loose_curve,gps_speed_curve_matched,actual_curv_rms_1pm,C-minus-A,A,C,1,2,2.9566639402749604,2.8761222022027435,-0.08054173807221687,-2.724074825518613,-1.2158865285729317,1.0548030524284981,1.0,4,4,4.0
loose_curve,gps_speed_curve_matched,lat_accel_rms_mps2,C-minus-A,A,C,1,2,0.16748071852454283,0.16001290181851408,-0.0074678167060287515,-4.458911313384656,-0.07287981739857488,0.05794418398651735,1.0,4,4,4.0
loose_curve,gps_speed_curve_matched,cmd_curv_rms_1pm,C-minus-A,A,C,1,2,2.5525281831406934,3.0681805663884476,0.5156523832477542,20.20163329257673,-0.8928414775595677,1.924146244055076,1.0,4,4,4.0
loose_curve,gps_speed_curve_matched,desired_curv_rms_1pm,C-minus-A,A,C,1,2,2.5525030745092288,3.0681717504568558,0.515668675947627,20.202470316192464,-0.8928180001654358,1.9241553520606898,1.0,4,4,4.0
loose_curve,speed_curve_matched,steer_rms_deg,C-minus-B,B,C,1,2,0.6169859296524867,0.49140147715367444,-0.12558445249881223,-20.354508338552687,-0.14964562498094414,-0.10152328001668032,0.3333333333333333,9,8,4.0
loose_curve,speed_curve_matched,actual_curv_rms_1pm,C-minus-B,B,C,1,2,1.2762214739022173,1.0205407922915677,-0.2556806816106496,-20.03419365988819,-0.33339664686742343,-0.17796471635387578,0.3333333333333333,9,8,4.0
loose_curve,speed_curve_matched,lat_accel_rms_mps2,C-minus-B,B,C,1,2,0.09960847584203744,0.07903701502539297,-0.020571460816644474,-20.652319637203775,-0.025182131680210468,-0.01596078995307848,0.3333333333333333,9,8,4.0
loose_curve,speed_curve_matched,cmd_curv_rms_1pm,C-minus-B,B,C,1,2,1.2665723672606748,0.9984218715764169,-0.26815049568425786,-21.1713521165956,-0.3688058947754205,-0.16749509659309525,0.6666666666666666,9,8,4.0
loose_curve,speed_curve_matched,desired_curv_rms_1pm,C-minus-B,B,C,1,2,1.2666029956387752,0.9983908801981931,-0.2682121154405821,-21.175705123397165,-0.36883099283152243,-0.16759323804964166,0.6666666666666666,9,8,4.0
loose_curve,gps_speed_curve_matched,steer_rms_deg,C-minus-B,B,C,1,1,0.5208020848863776,0.431691397248506,-0.08911068763787156,-17.110278592166672,-0.08911068763787156,-0.08911068763787156,1.0,3,3,3.0
loose_curve,gps_speed_curve_matched,actual_curv_rms_1pm,C-minus-B,B,C,1,1,1.125662748968462,0.8754717914770443,-0.25019095749141773,-22.226102597841884,-0.25019095749141773,-0.25019095749141773,1.0,3,3,3.0
loose_curve,gps_speed_curve_matched,lat_accel_rms_mps2,C-minus-B,B,C,1,1,0.08634648096344713,0.06949190654553726,-0.01685457441790987,-19.51970043231395,-0.01685457441790987,-0.01685457441790987,1.0,3,3,3.0
loose_curve,gps_speed_curve_matched,cmd_curv_rms_1pm,C-minus-B,B,C,1,1,1.1400887712341419,0.8547808549822951,-0.2853079162518468,-25.025061508412374,-0.2853079162518468,-0.2853079162518468,1.0,3,3,3.0
loose_curve,gps_speed_curve_matched,desired_curv_rms_1pm,C-minus-B,B,C,1,1,1.1401144417130875,0.8547822794206187,-0.2853321622924688,-25.026624683723927,-0.2853321622924688,-0.2853321622924688,1.0,3,3,3.0
lower_speed,speed_curve_matched,steer_rms_deg,B-minus-A,A,B,3,1,0.8353909055061834,0.8258542683219344,-0.00953663718424902,-1.141577807633726,-0.07226618337160584,0.05499735102930825,1.0,23,10,4.0
lower_speed,speed_curve_matched,actual_curv_rms_1pm,B-minus-A,A,B,3,1,1.8739747959506932,1.9345518668872415,0.060577070936548294,3.2325445927791527,-0.2785360790374525,0.2117330834361555,1.0,23,10,4.0
lower_speed,speed_curve_matched,lat_accel_rms_mps2,B-minus-A,A,B,3,1,0.11020541293512902,0.1331447150093013,0.022939302074172288,20.81504117014217,0.007546131816486418,0.032878807770051574,0.5,23,10,4.0
lower_speed,speed_curve_matched,cmd_curv_rms_1pm,B-minus-A,A,B,3,1,1.7010873163872753,1.7078348278742097,0.006747511486934421,0.39665873832182874,-0.2372491720680252,0.20079431780011348,1.0,23,10,4.0
lower_speed,speed_curve_matched,desired_curv_rms_1pm,B-minus-A,A,B,3,1,1.7011151338223378,1.7077936801709088,0.006678546348571013,0.39259813846724095,-0.2373100266919692,0.20074125263171028,1.0,23,10,4.0
lower_speed,gps_speed_curve_matched,steer_rms_deg,B-minus-A,A,B,3,1,0.7719630670256667,0.739736467201132,-0.032226599824534796,-4.174629746045001,-0.13299600521253074,0.16318021271215255,1.0,4,3,3.0
lower_speed,gps_speed_curve_matched,actual_curv_rms_1pm,B-minus-A,A,B,3,1,1.797951883313005,1.916736716974924,0.11878483366191905,6.606674781698806,-0.16693349657276801,0.6889731794401088,1.0,4,3,3.0
lower_speed,gps_speed_curve_matched,lat_accel_rms_mps2,B-minus-A,A,B,3,1,0.11295046077117823,0.13389392886118967,0.020943468090011436,18.54217145022539,0.0027110295765169212,0.054190284902453506,0.5,4,3,3.0
lower_speed,gps_speed_curve_matched,cmd_curv_rms_1pm,B-minus-A,A,B,3,1,1.6445692806069079,1.5888267006204169,-0.055742579986491014,-3.3894941760021147,-0.14397359375538477,0.46371528862802824,1.0,4,3,3.0
lower_speed,gps_speed_curve_matched,desired_curv_rms_1pm,B-minus-A,A,B,3,1,1.6445645843116374,1.5888454518608937,-0.05571913245074378,-3.3880780957025194,-0.14395999850840968,0.46374129242139794,1.0,4,3,3.0
lower_speed,speed_curve_matched,steer_rms_deg,C-minus-A,A,C,3,2,0.9148653013584431,0.7644762825887846,-0.1503890187696585,-16.438378255941334,-0.21800563299751374,-0.05468101720437735,0.1,39,26,9.0
lower_speed,speed_curve_matched,actual_curv_rms_1pm,C-minus-A,A,C,3,2,2.260819576482307,1.726821938274035,-0.5339976382082718,-23.61964854529164,-0.7519791313504294,-0.3443538502312107,0.1,39,26,9.0
lower_speed,speed_curve_matched,lat_accel_rms_mps2,C-minus-A,A,C,3,2,0.11481080979712402,0.09083257964934831,-0.02397823014777571,-20.884993486368003,-0.04265421547624951,-0.015374624493611128,0.3,39,26,9.0
lower_speed,speed_curve_matched,cmd_curv_rms_1pm,C-minus-A,A,C,3,2,2.0320578114146723,1.783050373729146,-0.24900743768552625,-12.253954404583249,-0.5643580726660726,0.07523188605966835,0.2,39,26,9.0
lower_speed,speed_curve_matched,desired_curv_rms_1pm,C-minus-A,A,C,3,2,2.032248135161409,1.7830532115708584,-0.2491949235905504,-12.262032341378353,-0.5643923270717361,0.07527163466247289,0.2,39,26,9.0
lower_speed,gps_speed_curve_matched,steer_rms_deg,C-minus-A,A,C,2,2,1.1912939459056024,1.0795099545402485,-0.111783991365354,-9.383409673955626,-0.5999666244894456,0.3763986417587375,1.0,6,5,5.0
lower_speed,gps_speed_curve_matched,actual_curv_rms_1pm,C-minus-A,A,C,2,2,3.114377938191949,2.8361200527712045,-0.2782578854207447,-8.934621646539378,-1.6867772753108805,1.130261504469392,1.0,6,5,5.0
lower_speed,gps_speed_curve_matched,lat_accel_rms_mps2,C-minus-A,A,C,2,2,0.13780464910055118,0.15684888379638345,0.019044234695832274,13.819733093283645,-0.05827335441377113,0.0963618238054357,1.0,6,5,5.0
lower_speed,gps_speed_curve_matched,cmd_curv_rms_1pm,C-minus-A,A,C,2,2,3.0246267181310182,3.0525410365076944,0.027914318376676128,0.922901269414329,-1.6799267107168,1.7357553474701515,1.0,6,5,5.0
lower_speed,gps_speed_curve_matched,desired_curv_rms_1pm,C-minus-A,A,C,2,2,3.0246646732132705,3.052532566887895,0.02786789367462461,0.9213548173265431,-1.6799435739405135,1.7356793612897627,1.0,6,5,5.0
lower_speed,speed_curve_matched,steer_rms_deg,C-minus-B,B,C,1,2,0.6925117925306632,0.5148557789456696,-0.1776560135849936,-25.653861132931873,-0.17826288427513037,-0.17704914289485685,0.3333333333333333,12,13,5.0
lower_speed,speed_curve_matched,actual_curv_rms_1pm,C-minus-B,B,C,1,2,1.645733368188381,1.205247044284077,-0.440486323904304,-26.765351691762206,-0.5474766106400395,-0.33349603716856846,0.3333333333333333,12,13,5.0
lower_speed,speed_curve_matched,lat_accel_rms_mps2,C-minus-B,B,C,1,2,0.10598590110738701,0.07865174197294145,-0.027334159134445563,-25.79037291644108,-0.03209968105717621,-0.022568637211714926,0.3333333333333333,12,13,5.0
lower_speed,speed_curve_matched,cmd_curv_rms_1pm,C-minus-B,B,C,1,2,1.5872468699588285,1.3481029283628456,-0.23914394159598285,-15.066587694842076,-0.4881695992912489,0.009881716099283455,1.0,12,13,5.0
lower_speed,speed_curve_matched,desired_curv_rms_1pm,C-minus-B,B,C,1,2,1.5872796438784902,1.3480690488285425,-0.23921059504994768,-15.070475827777944,-0.48826988628935664,0.00984869618946127,1.0,12,13,5.0
lower_speed,gps_speed_curve_matched,steer_rms_deg,C-minus-B,B,C,1,1,0.5208020848863776,0.431691397248506,-0.08911068763787156,-17.110278592166672,-0.08911068763787156,-0.08911068763787156,1.0,3,3,3.0
lower_speed,gps_speed_curve_matched,actual_curv_rms_1pm,C-minus-B,B,C,1,1,1.125662748968462,0.8754717914770443,-0.25019095749141773,-22.226102597841884,-0.25019095749141773,-0.25019095749141773,1.0,3,3,3.0
lower_speed,gps_speed_curve_matched,lat_accel_rms_mps2,C-minus-B,B,C,1,1,0.08634648096344713,0.06949190654553726,-0.01685457441790987,-19.51970043231395,-0.01685457441790987,-0.01685457441790987,1.0,3,3,3.0
lower_speed,gps_speed_curve_matched,cmd_curv_rms_1pm,C-minus-B,B,C,1,1,1.1400887712341419,0.8547808549822951,-0.2853079162518468,-25.025061508412374,-0.2853079162518468,-0.2853079162518468,1.0,3,3,3.0
lower_speed,gps_speed_curve_matched,desired_curv_rms_1pm,C-minus-B,B,C,1,1,1.1401144417130875,0.8547822794206187,-0.2853321622924688,-25.026624683723927,-0.2853321622924688,-0.2853321622924688,1.0,3,3,3.0
narrow_band,speed_curve_matched,steer_rms_deg,B-minus-A,A,B,3,1,0.6071665338656884,0.7729431922405383,0.1657766583748499,27.30332604456777,0.006137871834593245,0.23232071975669522,0.5,14,8,3.0
narrow_band,speed_curve_matched,actual_curv_rms_1pm,B-minus-A,A,B,3,1,1.4456775694679467,1.7324256316252291,0.28674806215728244,19.8348558636636,-0.04168919649894187,0.6589695319385234,1.0,14,8,3.0
narrow_band,speed_curve_matched,lat_accel_rms_mps2,B-minus-A,A,B,3,1,0.09287182288292857,0.12682766282247193,0.03395583993954336,36.56204743859402,0.005924063068775409,0.049566911235697175,0.5,14,8,3.0
narrow_band,speed_curve_matched,cmd_curv_rms_1pm,B-minus-A,A,B,3,1,1.3301168367818224,1.6175760769148124,0.28745924013299007,21.611578185002834,0.10674110013476668,0.5136967336713809,0.5,14,8,3.0
narrow_band,speed_curve_matched,desired_curv_rms_1pm,B-minus-A,A,B,3,1,1.330087220231814,1.6175385581405164,0.2874513379087025,21.61146528861499,0.10671543593526267,0.5136253196377056,0.5,14,8,3.0
narrow_band,gps_speed_curve_matched,steer_rms_deg,B-minus-A,A,B,2,1,0.8054229699107595,0.6908745851221074,-0.11454838478865204,-14.222140299940037,-0.17022339426675748,-0.058873375310546594,0.6666666666666666,3,2,2.0
narrow_band,gps_speed_curve_matched,actual_curv_rms_1pm,B-minus-A,A,B,2,1,1.8962757539698192,1.6145747477427248,-0.2817010062270944,-14.855487427783558,-0.4242280966350003,-0.1391739158191887,0.6666666666666666,3,2,2.0
narrow_band,gps_speed_curve_matched,lat_accel_rms_mps2,B-minus-A,A,B,2,1,0.11973846921744317,0.11641720310149827,-0.0033212661159449097,-2.773766975351541,-0.011772882706426305,0.005130350474536485,1.0,3,2,2.0
narrow_band,gps_speed_curve_matched,cmd_curv_rms_1pm,B-minus-A,A,B,2,1,1.610730374579687,1.5048658040859442,-0.10586457049374287,-6.572457573563034,-0.19551760019600484,-0.016211540791480683,0.6666666666666666,3,2,2.0
narrow_band,gps_speed_curve_matched,desired_curv_rms_1pm,B-minus-A,A,B,2,1,1.6107404907779261,1.5048268223704668,-0.1059136684074593,-6.575464453389823,-0.19555919955643497,-0.016268137258483417,0.6666666666666666,3,2,2.0
narrow_band,speed_curve_matched,steer_rms_deg,C-minus-A,A,C,3,2,0.8428795306290385,0.6453601194602017,-0.19751941116883687,-23.43388396458373,-0.3701769185492937,-0.09181147469635542,0.1,36,19,8.0
narrow_band,speed_curve_matched,actual_curv_rms_1pm,C-minus-A,A,C,3,2,1.9994266355856287,1.4253653743467039,-0.5740612612389249,-28.711294079103997,-0.9392021918433744,-0.4870915176545232,0.3,36,19,8.0
narrow_band,speed_curve_matched,lat_accel_rms_mps2,C-minus-A,A,C,3,2,0.11299691218664297,0.07409783085256164,-0.038899081334081334,-34.4249064698597,-0.058105991519195974,-0.025139763947207794,0.2,36,19,8.0
narrow_band,speed_curve_matched,cmd_curv_rms_1pm,C-minus-A,A,C,3,2,1.7395674435515243,1.484479135360865,-0.2550883081906592,-14.663892977317825,-0.7062244480984077,-0.13276236448544565,0.3,36,19,8.0
narrow_band,speed_curve_matched,desired_curv_rms_1pm,C-minus-A,A,C,3,2,1.7397576785607085,1.4844806692619996,-0.2552770092987089,-14.673135945570195,-0.7062553099792304,-0.1327138080317265,0.3,36,19,8.0
narrow_band,gps_speed_curve_matched,steer_rms_deg,C-minus-A,A,C,1,2,0.8577428898817243,0.9614026880957849,0.10365979821406057,12.085183035251323,-0.18207804195463184,0.3893976383827529,1.0,4,4,4.0
narrow_band,gps_speed_curve_matched,actual_curv_rms_1pm,C-minus-A,A,C,1,2,2.188840901922185,2.4659984792412035,0.2771575773190187,12.662298894160188,-0.4810578560166172,1.0353730106546548,1.0,4,4,4.0
narrow_band,gps_speed_curve_matched,lat_accel_rms_mps2,C-minus-A,A,C,1,2,0.12438661274804545,0.13748378736280265,0.013097174614757193,10.529408531516584,-0.03361820261895217,0.059812551848466525,1.0,4,4,4.0
narrow_band,gps_speed_curve_matched,cmd_curv_rms_1pm,C-minus-A,A,C,1,2,1.8515630118761193,2.5569623274836175,0.7053993156074982,38.09750524735011,-0.2383097292007339,1.6491083604157302,1.0,4,4,4.0
narrow_band,gps_speed_curve_matched,desired_curv_rms_1pm,C-minus-A,A,C,1,2,1.8515343695642819,2.5569420905040547,0.7054077209397729,38.09854856249713,-0.23827500314608052,1.6490904450256263,1.0,4,4,4.0
narrow_band,speed_curve_matched,steer_rms_deg,C-minus-B,B,C,1,2,0.5279064436583594,0.40267249220119744,-0.12523395145716193,-23.72275484824514,-0.15233327379961414,-0.09813462911470971,0.3333333333333333,10,8,4.0
narrow_band,speed_curve_matched,actual_curv_rms_1pm,C-minus-B,B,C,1,2,1.2696823767219914,0.828853344391882,-0.4408290323301094,-34.719630705454215,-0.5255080947614919,-0.3561499698987268,0.3333333333333333,10,8,4.0
narrow_band,speed_curve_matched,lat_accel_rms_mps2,C-minus-B,B,C,1,2,0.09727698220326284,0.06516762555881758,-0.03210935664444525,-33.008175127546515,-0.03822725994192143,-0.025991453346969076,0.3333333333333333,10,8,4.0
narrow_band,speed_curve_matched,cmd_curv_rms_1pm,C-minus-B,B,C,1,2,1.159486349649887,0.831646522956911,-0.32783982669297607,-28.27457406393521,-0.43687399228071244,-0.21880566110523958,0.3333333333333333,10,8,4.0
narrow_band,speed_curve_matched,desired_curv_rms_1pm,C-minus-B,B,C,1,2,1.1594966905853572,0.8316287034716935,-0.3278679871136637,-28.276750574263712,-0.436875667536069,-0.21886030669125844,0.3333333333333333,10,8,4.0
narrow_band,gps_speed_curve_matched,steer_rms_deg,C-minus-B,B,C,1,1,0.4883625490673449,0.3812206823690562,-0.10714186669828868,-21.939001445320468,-0.10714186669828868,-0.10714186669828868,1.0,3,3,3.0
narrow_band,gps_speed_curve_matched,actual_curv_rms_1pm,C-minus-B,B,C,1,1,0.9863443245351735,0.7332708774902206,-0.25307344704495294,-25.65771817708961,-0.25307344704495294,-0.25307344704495294,1.0,3,3,3.0
narrow_band,gps_speed_curve_matched,lat_accel_rms_mps2,C-minus-B,B,C,1,1,0.07415199633692969,0.058130249228697264,-0.016021747108232426,-21.60662949036905,-0.016021747108232426,-0.016021747108232426,1.0,3,3,3.0
narrow_band,gps_speed_curve_matched,cmd_curv_rms_1pm,C-minus-B,B,C,1,1,1.0285797450988698,0.7057791939092309,-0.3228005511896389,-31.383133172490236,-0.3228005511896389,-0.3228005511896389,1.0,3,3,3.0
narrow_band,gps_speed_curve_matched,desired_curv_rms_1pm,C-minus-B,B,C,1,1,1.0285943722300452,0.7057805504215009,-0.32281382180854434,-31.38397705877658,-0.32281382180854434,-0.32281382180854434,1.0,3,3,3.0
primary,speed_curve_matched,steer_rms_deg,B-minus-A,A,B,3,1,0.6506093124627172,0.8258542683219344,0.17524495585921718,26.9355129879515,0.03637412076715407,0.244741214825677,0.5,14,8,3.0
primary,speed_curve_matched,actual_curv_rms_1pm,B-minus-A,A,B,3,1,1.5521428525102563,1.9345518668872415,0.38240901437698516,24.637488344485888,0.09355307524909695,0.694794578138354,0.5,14,8,3.0
primary,speed_curve_matched,lat_accel_rms_mps2,B-minus-A,A,B,3,1,0.09897715015565695,0.1383148801489649,0.03933772999330795,39.74425403382828,0.012716296956150008,0.054467590377210745,0.5,14,8,3.0
primary,speed_curve_matched,cmd_curv_rms_1pm,B-minus-A,A,B,3,1,1.3906555738991133,1.7078348278742097,0.3171792539750964,22.807894343370066,0.14448219661304385,0.6122209030032695,0.5,14,8,3.0
primary,speed_curve_matched,desired_curv_rms_1pm,B-minus-A,A,B,3,1,1.3906157757761153,1.7077936801709088,0.31717790439479354,22.80845003486126,0.14444848597475812,0.6121584196936489,0.5,14,8,3.0
primary,gps_speed_curve_matched,steer_rms_deg,B-minus-A,A,B,2,1,0.8180030898696724,0.8119276530952855,-0.006075436774386933,-0.7427156265821558,-0.06080481931837722,0.04865394576960347,1.0,3,2,2.0
primary,gps_speed_curve_matched,actual_curv_rms_1pm,B-minus-A,A,B,2,1,1.9332634086303648,1.9345518668872415,0.0012884582568766234,0.06664680307529544,-0.14911834666045065,0.15169526317420368,1.0,3,2,2.0
primary,gps_speed_curve_matched,lat_accel_rms_mps2,B-minus-A,A,B,2,1,0.12222997604656337,0.14006625826053953,0.017836282213976165,14.592396064269417,0.008883358975866784,0.026789205452085546,0.6666666666666666,3,2,2.0
primary,gps_speed_curve_matched,cmd_curv_rms_1pm,B-minus-A,A,B,2,1,1.6552824585299462,1.69291678562852,0.03763432709857395,2.2735894351225676,-0.039883508747281526,0.11515216294442943,1.0,3,2,2.0
primary,gps_speed_curve_matched,desired_curv_rms_1pm,B-minus-A,A,B,2,1,1.655283064376699,1.692902449177569,0.037619384800870126,2.2726858994981503,-0.03990300119173429,0.11514177079347476,1.0,3,2,2.0
primary,speed_curve_matched,steer_rms_deg,C-minus-A,A,C,3,2,0.8633269961426697,0.7144998617486233,-0.14882713439404638,-17.238790754720224,-0.31795847467783633,-0.03662401589450959,0.1,36,19,8.0
primary,speed_curve_matched,actual_curv_rms_1pm,C-minus-A,A,C,3,2,2.1943622165527144,1.5953346477849926,-0.5990275687677218,-27.298481729637984,-0.7519791313504294,-0.4579975354061361,0.3,36,19,8.0
primary,speed_curve_matched,lat_accel_rms_mps2,C-minus-A,A,C,3,2,0.11687025014367672,0.08839253622386749,-0.02847771391980923,-24.366948718599986,-0.04799514631378489,-0.015066057281255443,0.2,36,19,8.0
primary,speed_curve_matched,cmd_curv_rms_1pm,C-minus-A,A,C,3,2,1.9229290334626814,1.6201038521199556,-0.30282518134272585,-15.748120501224042,-0.5643580726660726,-0.24330911463599847,0.3,36,19,8.0
primary,speed_curve_matched,desired_curv_rms_1pm,C-minus-A,A,C,3,2,1.9231712433989865,1.6201283427938011,-0.30304290060518535,-15.75745798224351,-0.5643923270717361,-0.2431985705177946,0.3,36,19,8.0
primary,gps_speed_curve_matched,steer_rms_deg,C-minus-A,A,C,1,2,1.0872524423535297,1.0954274367454924,0.008174994391962676,0.7518947829877125,-0.3945602990592,0.41091028784312544,1.0,4,4,4.0
primary,gps_speed_curve_matched,actual_curv_rms_1pm,C-minus-A,A,C,1,2,2.7682030829719677,2.8761222022027435,0.1079191192307758,3.898526083386659,-1.027425671269939,1.2432639097314908,1.0,4,4,4.0
primary,gps_speed_curve_matched,lat_accel_rms_mps2,C-minus-A,A,C,1,2,0.15674765805456145,0.16001290181851408,0.0032652437639526244,2.083121243710093,-0.062146756928593505,0.06867724445649873,1.0,4,4,4.0
primary,gps_speed_curve_matched,cmd_curv_rms_1pm,C-minus-A,A,C,1,2,2.429728857019086,3.0681805663884476,0.6384517093693618,26.27666488484837,-0.7700421514379601,2.0469455701766837,1.0,4,4,4.0
primary,gps_speed_curve_matched,desired_curv_rms_1pm,C-minus-A,A,C,1,2,2.429702840381231,3.0681717504568558,0.6384689100756247,26.277654183235267,-0.7700177660374381,2.0469555861886874,1.0,4,4,4.0
primary,speed_curve_matched,steer_rms_deg,C-minus-B,B,C,1,2,0.6783611984268093,0.49140147715367444,-0.18695972127313487,-27.560497520600244,-0.21102089375526678,-0.16289854879100296,0.3333333333333333,10,8,4.0
primary,speed_curve_matched,actual_curv_rms_1pm,C-minus-B,B,C,1,2,1.4944130533204576,1.0205407922915677,-0.4738722610288899,-31.70959059652125,-0.5515882262856637,-0.3961562957721161,0.3333333333333333,10,8,4.0
primary,speed_curve_matched,lat_accel_rms_mps2,C-minus-B,B,C,1,2,0.11600198849972518,0.07903701502539297,-0.03696497347433221,-31.865810192055275,-0.041575644337898204,-0.03235430261076622,0.3333333333333333,10,8,4.0
primary,speed_curve_matched,cmd_curv_rms_1pm,C-minus-B,B,C,1,2,1.4261197032789574,0.9984218715764169,-0.4276978317025405,-29.990317833711348,-0.5283532307937031,-0.3270424326113779,0.3333333333333333,10,8,4.0
primary,speed_curve_matched,desired_curv_rms_1pm,C-minus-B,B,C,1,2,1.426158415767431,0.9983908801981931,-0.42776753556923786,-29.994391284999825,-0.5283864129601782,-0.3271486581782974,0.3333333333333333,10,8,4.0
primary,gps_speed_curve_matched,steer_rms_deg,C-minus-B,B,C,1,1,0.5208020848863776,0.431691397248506,-0.08911068763787156,-17.110278592166672,-0.08911068763787156,-0.08911068763787156,1.0,3,3,3.0
primary,gps_speed_curve_matched,actual_curv_rms_1pm,C-minus-B,B,C,1,1,1.125662748968462,0.8754717914770443,-0.25019095749141773,-22.226102597841884,-0.25019095749141773,-0.25019095749141773,1.0,3,3,3.0
primary,gps_speed_curve_matched,lat_accel_rms_mps2,C-minus-B,B,C,1,1,0.08634648096344713,0.06949190654553726,-0.01685457441790987,-19.51970043231395,-0.01685457441790987,-0.01685457441790987,1.0,3,3,3.0
primary,gps_speed_curve_matched,cmd_curv_rms_1pm,C-minus-B,B,C,1,1,1.1400887712341419,0.8547808549822951,-0.2853079162518468,-25.025061508412374,-0.2853079162518468,-0.2853079162518468,1.0,3,3,3.0
primary,gps_speed_curve_matched,desired_curv_rms_1pm,C-minus-B,B,C,1,1,1.1401144417130875,0.8547822794206187,-0.2853321622924688,-25.026624683723927,-0.2853321622924688,-0.2853321622924688,1.0,3,3,3.0
strict_curve,speed_curve_matched,steer_rms_deg,B-minus-A,A,B,3,1,0.6506093124627172,0.7703559757754945,0.11974666331277728,18.40531037889798,-0.019124171779285826,0.1892429222792371,1.0,14,8,3.0
strict_curve,speed_curve_matched,actual_curv_rms_1pm,B-minus-A,A,B,3,1,1.5521428525102563,1.9051725208883954,0.3530296683781391,22.744663470065902,0.06417372925025089,0.6654152321395079,0.5,14,8,3.0
strict_curve,speed_curve_matched,lat_accel_rms_mps2,B-minus-A,A,B,3,1,0.09897715015565695,0.1331447150093013,0.03416756485364436,34.52065936421746,0.007546131816486418,0.049297425237547154,0.5,14,8,3.0
strict_curve,speed_curve_matched,cmd_curv_rms_1pm,B-minus-A,A,B,3,1,1.3906555738991133,1.7078348278742097,0.3171792539750964,22.807894343370066,0.14448219661304385,0.6122209030032695,0.5,14,8,3.0
strict_curve,speed_curve_matched,desired_curv_rms_1pm,B-minus-A,A,B,3,1,1.3906157757761153,1.7077936801709088,0.31717790439479354,22.80845003486126,0.14444848597475812,0.6121584196936489,0.5,14,8,3.0
strict_curve,gps_speed_curve_matched,steer_rms_deg,B-minus-A,A,B,2,1,0.8180030898696724,0.8119276530952855,-0.006075436774386933,-0.7427156265821558,-0.06080481931837722,0.04865394576960347,1.0,3,2,2.0
strict_curve,gps_speed_curve_matched,actual_curv_rms_1pm,B-minus-A,A,B,2,1,1.9332634086303648,1.9345518668872415,0.0012884582568766234,0.06664680307529544,-0.14911834666045065,0.15169526317420368,1.0,3,2,2.0
strict_curve,gps_speed_curve_matched,lat_accel_rms_mps2,B-minus-A,A,B,2,1,0.12222997604656337,0.14006625826053953,0.017836282213976165,14.592396064269417,0.008883358975866784,0.026789205452085546,0.6666666666666666,3,2,2.0
strict_curve,gps_speed_curve_matched,cmd_curv_rms_1pm,B-minus-A,A,B,2,1,1.6552824585299462,1.69291678562852,0.03763432709857395,2.2735894351225676,-0.039883508747281526,0.11515216294442943,1.0,3,2,2.0
strict_curve,gps_speed_curve_matched,desired_curv_rms_1pm,B-minus-A,A,B,2,1,1.655283064376699,1.692902449177569,0.037619384800870126,2.2726858994981503,-0.03990300119173429,0.11514177079347476,1.0,3,2,2.0
strict_curve,speed_curve_matched,steer_rms_deg,C-minus-A,A,C,3,2,0.8605591617521269,0.740348004563449,-0.12021115718867792,-13.9689590828275,-0.2662621890481851,-0.020882598149824516,0.1,31,16,6.0
strict_curve,speed_curve_matched,actual_curv_rms_1pm,C-minus-A,A,C,3,2,2.08689986165837,1.6474167598196567,-0.4394831018387131,-21.059137044049383,-0.7519791313504294,-0.31438796381388423,0.3,31,16,6.0
strict_curve,speed_curve_matched,lat_accel_rms_mps2,C-minus-A,A,C,3,2,0.11558564115617784,0.08721048554945232,-0.028375155606725516,-24.54903162961684,-0.04739369104881626,-0.013716740785353579,0.2,31,16,6.0
strict_curve,speed_curve_matched,cmd_curv_rms_1pm,C-minus-A,A,C,3,2,1.8115989781747706,1.6339753294273731,-0.17762364874739744,-9.804799565870674,-0.5643580726660726,-0.11087980168925737,0.3,31,16,6.0
strict_curve,speed_curve_matched,desired_curv_rms_1pm,C-minus-A,A,C,3,2,1.8116020285050158,1.6340228965812704,-0.17757913192374541,-9.80232573874344,-0.5643923270717361,-0.1109080339502857,0.3,31,16,6.0
strict_curve,gps_speed_curve_matched,steer_rms_deg,C-minus-A,A,C,1,2,1.4405043364590342,1.0954274367454924,-0.34507689971354183,-23.955283644740025,-0.7478121931647045,0.05765839373762094,1.0,2,2,2.0
strict_curve,gps_speed_curve_matched,actual_curv_rms_1pm,C-minus-A,A,C,1,2,3.6903605219348297,2.8761222022027435,-0.8142383197320862,-22.063923426787227,-1.949583110232801,0.32110647076862886,1.0,2,2,2.0
strict_curve,gps_speed_curve_matched,lat_accel_rms_mps2,C-minus-A,A,C,1,2,0.21217585797885563,0.16001290181851408,-0.052162956160341556,-24.584774468327993,-0.11757495685288769,0.013249044532204546,1.0,2,2,2.0
strict_curve,gps_speed_curve_matched,cmd_curv_rms_1pm,C-minus-A,A,C,1,2,3.3188661026945403,3.0681805663884476,-0.2506855363060927,-7.553348901378235,-1.6591793971134146,1.1578083245012292,1.0,2,2,2.0
strict_curve,gps_speed_curve_matched,desired_curv_rms_1pm,C-minus-A,A,C,1,2,3.318862178718864,3.0681717504568558,-0.25069042826200816,-7.553505230481695,-1.659177104375071,1.1577962478510546,1.0,2,2,2.0
strict_curve,speed_curve_matched,steer_rms_deg,C-minus-B,B,C,1,2,0.7320156006458969,0.4563943225611734,-0.2756212780847235,-37.652377605276165,-0.28656726019509265,-0.26467529597435435,0.3333333333333333,9,7,3.0
strict_curve,speed_curve_matched,actual_curv_rms_1pm,C-minus-B,B,C,1,2,1.712604632738698,0.9353904558176451,-0.7772141769210528,-45.381996642049074,-0.7846485481382016,-0.769779805703904,0.3333333333333333,9,7,3.0
strict_curve,speed_curve_matched,lat_accel_rms_mps2,C-minus-B,B,C,1,2,0.12826777461907188,0.07406219823144888,-0.054205576387622995,-42.259699716941434,-0.05456972231800107,-0.053841430457244904,0.3333333333333333,9,7,3.0
strict_curve,speed_curve_matched,cmd_curv_rms_1pm,C-minus-B,B,C,1,2,1.58566703929724,0.9201747540776977,-0.6654922852195424,-41.969232425647526,-0.6879005668119857,-0.6430840036270989,0.3333333333333333,9,7,3.0
strict_curve,speed_curve_matched,desired_curv_rms_1pm,C-minus-B,B,C,1,2,1.5857138358960867,0.920099636039436,-0.6656141998566507,-41.975682168435654,-0.6879418330888339,-0.6432865666244675,0.3333333333333333,9,7,3.0
strict_curve,gps_speed_curve_matched,steer_rms_deg,C-minus-B,B,C,1,1,0.5208020848863776,0.431691397248506,-0.08911068763787156,-17.110278592166672,-0.08911068763787156,-0.08911068763787156,1.0,3,3,3.0
strict_curve,gps_speed_curve_matched,actual_curv_rms_1pm,C-minus-B,B,C,1,1,1.125662748968462,0.8754717914770443,-0.25019095749141773,-22.226102597841884,-0.25019095749141773,-0.25019095749141773,1.0,3,3,3.0
strict_curve,gps_speed_curve_matched,lat_accel_rms_mps2,C-minus-B,B,C,1,1,0.08634648096344713,0.06949190654553726,-0.01685457441790987,-19.51970043231395,-0.01685457441790987,-0.01685457441790987,1.0,3,3,3.0
strict_curve,gps_speed_curve_matched,cmd_curv_rms_1pm,C-minus-B,B,C,1,1,1.1400887712341419,0.8547808549822951,-0.2853079162518468,-25.025061508412374,-0.2853079162518468,-0.2853079162518468,1.0,3,3,3.0
strict_curve,gps_speed_curve_matched,desired_curv_rms_1pm,C-minus-B,B,C,1,1,1.1401144417130875,0.8547822794206187,-0.2853321622924688,-25.026624683723927,-0.2853321622924688,-0.2853321622924688,1.0,3,3,3.0
