setting,subset,metric,comparison,n_strata,a_n_windows,b_n_windows,weighted_mean_diff,weighted_median_diff,stratum_boot_ci_low,stratum_boot_ci_high,share_strata_b_less_than_a
broad_band,speed_curve_matched,steer_rms_deg,B-minus-A,3,14,8,0.4929542828588067,0.20721617356139055,0.20721617356139055,1.6124767948411565,0.0
broad_band,speed_curve_matched,actual_curv_rms_1pm,B-minus-A,3,14,8,1.338494123624687,0.638015452219149,0.638015452219149,4.35276318330647,0.0
broad_band,speed_curve_matched,lat_accel_rms_mps2,B-minus-A,3,14,8,0.09371089891139552,0.055354177724561915,0.055354177724561915,0.2623112099940498,0.0
broad_band,speed_curve_matched,cmd_curv_rms_1pm,B-minus-A,3,14,8,1.6385851712964572,0.9309969816856403,0.9309969816856403,4.792187157334924,0.0
broad_band,speed_curve_matched,desired_curv_rms_1pm,B-minus-A,3,14,8,1.6387134654163649,0.9310727147676192,0.9310727147676192,4.792693515495695,0.0
broad_band,gps_speed_curve_matched,steer_rms_deg,B-minus-A,2,3,2,0.015010744194100645,-0.1586955508435023,-0.1586955508435023,0.18871703923170358,0.5
broad_band,gps_speed_curve_matched,actual_curv_rms_1pm,B-minus-A,2,3,2,-0.008655952058789329,-0.2116259376344234,-0.2116259376344234,0.19431403351684473,0.5
broad_band,gps_speed_curve_matched,lat_accel_rms_mps2,B-minus-A,2,3,2,0.017045406256007985,0.008161944882317501,0.008161944882317501,0.025928867629698468,0.0
broad_band,gps_speed_curve_matched,cmd_curv_rms_1pm,B-minus-A,2,3,2,0.12725903227910285,-0.08132719230051655,-0.08132719230051655,0.33584525685872224,0.5
broad_band,gps_speed_curve_matched,desired_curv_rms_1pm,B-minus-A,2,3,2,0.12725936091625667,-0.0812843460078514,-0.0812843460078514,0.33580306784036473,0.5
broad_band,speed_curve_matched,steer_rms_deg,C-minus-A,8,36,19,-0.09759933155347439,-0.03794264257760607,-0.29188449003984873,0.09615371687097937,0.625
broad_band,speed_curve_matched,actual_curv_rms_1pm,C-minus-A,8,36,19,-0.49382441536328525,-0.8058191401421873,-0.9520498695950471,-0.007689936699852407,0.625
broad_band,speed_curve_matched,lat_accel_rms_mps2,C-minus-A,8,36,19,-0.022729972986890435,-0.02487906346532974,-0.044910274858519665,0.0012359651873979692,0.75
broad_band,speed_curve_matched,cmd_curv_rms_1pm,C-minus-A,8,36,19,0.2423846715791415,-0.10144130914918886,-0.32776425432777617,0.9778281033928584,0.25
broad_band,speed_curve_matched,desired_curv_rms_1pm,C-minus-A,8,36,19,0.24245073613958074,-0.10136643820812685,-0.3112663669468566,0.9892920360430734,0.25
broad_band,gps_speed_curve_matched,steer_rms_deg,C-minus-A,4,4,4,-0.02128458570820585,-0.18205484381883585,-0.37043010561866657,0.33936219926901134,0.5
broad_band,gps_speed_curve_matched,actual_curv_rms_1pm,C-minus-A,4,4,4,-0.03997999247010253,-0.4110118755841241,-0.9218975234900016,0.8692369943002664,0.5
broad_band,gps_speed_curve_matched,lat_accel_rms_mps2,C-minus-A,4,4,4,-0.008921197330256078,-0.027765572598400567,-0.06306881344101781,0.04573353005724838,0.5
broad_band,gps_speed_curve_matched,cmd_curv_rms_1pm,C-minus-A,4,4,4,0.8785203219541093,-0.08390205949404073,-0.2504677876397826,2.803215477922027,0.5
broad_band,gps_speed_curve_matched,desired_curv_rms_1pm,C-minus-A,4,4,4,0.8786075247495558,-0.08385225008342734,-0.2525319104019032,2.803560433321355,0.5
broad_band,speed_curve_matched,steer_rms_deg,C-minus-B,4,10,8,-0.1923783551182391,-0.31881556004915385,-0.33554706960218433,0.07521645794809464,0.75
broad_band,speed_curve_matched,actual_curv_rms_1pm,C-minus-B,4,10,8,-0.46295747281899063,-0.7524764124748126,-0.8184389567892422,0.13762679858476884,0.75
broad_band,speed_curve_matched,lat_accel_rms_mps2,C-minus-B,4,10,8,-0.034520992028486616,-0.061897750683695456,-0.06324222457115254,0.010350883124526089,0.75
broad_band,speed_curve_matched,cmd_curv_rms_1pm,C-minus-B,4,10,8,-0.49427526446961956,-0.7900451576729031,-0.8121985105679232,0.14903434212752092,0.75
broad_band,speed_curve_matched,desired_curv_rms_1pm,C-minus-B,4,10,8,-0.49426027063065275,-0.7900372434572708,-0.812142523548983,0.14902522418387795,0.75
broad_band,gps_speed_curve_matched,steer_rms_deg,C-minus-B,3,3,3,-0.09882719723426893,-0.10589629843262952,-0.1151773368265459,-0.08468899483754777,1.0
broad_band,gps_speed_curve_matched,actual_curv_rms_1pm,C-minus-B,3,3,3,-0.19455464223571584,-0.2199903772929614,-0.2218154637489711,-0.14368317212122472,1.0
broad_band,gps_speed_curve_matched,lat_accel_rms_mps2,C-minus-B,3,3,3,-0.011749959985898709,-0.013405081885400447,-0.013775774863529502,-0.008439716186895235,1.0
broad_band,gps_speed_curve_matched,cmd_curv_rms_1pm,C-minus-B,3,3,3,-0.25938411966909175,-0.3446425344211338,-0.3488672086589733,-0.08886729016500772,1.0
broad_band,gps_speed_curve_matched,desired_curv_rms_1pm,C-minus-B,3,3,3,-0.25944371337358124,-0.3447203803938257,-0.34887302347034793,-0.0888903793330923,1.0
loose_curve,speed_curve_matched,steer_rms_deg,B-minus-A,3,14,8,0.37439054306818975,0.15518246766492738,0.15518246766492738,0.7620285672496623,0.0
loose_curve,speed_curve_matched,actual_curv_rms_1pm,B-minus-A,3,14,8,0.9732205381397909,0.2606286053241762,0.2606286053241762,2.322179084838095,0.0
loose_curve,speed_curve_matched,lat_accel_rms_mps2,B-minus-A,3,14,8,0.06671171916530437,0.03328171204725966,0.019024334171880958,0.13000738893254912,0.0
loose_curve,speed_curve_matched,cmd_curv_rms_1pm,B-minus-A,3,14,8,1.1125373573274346,0.34572460297889385,0.34572460297889385,2.552682058813129,0.0
loose_curve,speed_curve_matched,desired_curv_rms_1pm,B-minus-A,3,14,8,1.1125951240026593,0.34568483951320084,0.34568483951320084,2.552869534280211,0.0
loose_curve,gps_speed_curve_matched,steer_rms_deg,B-minus-A,2,3,2,0.039318554042733656,-0.11432522175879112,-0.11432522175879112,0.19296232984425843,0.5
loose_curve,gps_speed_curve_matched,actual_curv_rms_1pm,B-minus-A,2,3,2,0.09927140877495377,-0.02645548794963415,-0.02645548794963415,0.2249983054995417,0.5
loose_curve,gps_speed_curve_matched,lat_accel_rms_mps2,B-minus-A,2,3,2,0.024234947975224012,0.020164203328939673,0.020164203328939673,0.028305692621508352,0.0
loose_curve,gps_speed_curve_matched,cmd_curv_rms_1pm,B-minus-A,2,3,2,0.10722391844729773,-0.1312767660842984,-0.1312767660842984,0.34572460297889385,0.5
loose_curve,gps_speed_curve_matched,desired_curv_rms_1pm,B-minus-A,2,3,2,0.10721919165673344,-0.13124645619973396,-0.13124645619973396,0.34568483951320084,0.5
loose_curve,speed_curve_matched,steer_rms_deg,C-minus-A,8,38,19,-0.17717605153200355,-0.1883609421447412,-0.3333925162516136,-0.001106820634279706,0.75
loose_curve,speed_curve_matched,actual_curv_rms_1pm,C-minus-A,8,38,19,-0.6324899261221589,-0.2937637247196738,-1.1887129060496864,-0.0891051803217711,0.75
loose_curve,speed_curve_matched,lat_accel_rms_mps2,C-minus-A,8,38,19,-0.033381442103889526,-0.053541247875750514,-0.05926039612991215,-0.004672389218410697,0.75
loose_curve,speed_curve_matched,cmd_curv_rms_1pm,C-minus-A,8,38,19,0.009406074840586365,-0.03691333184517731,-0.43175303043980795,0.5882161757571372,0.5
loose_curve,speed_curve_matched,desired_curv_rms_1pm,C-minus-A,8,38,19,0.009449838806660782,-0.036882973517992135,-0.44333860852479096,0.570097264005202,0.5
loose_curve,gps_speed_curve_matched,steer_rms_deg,C-minus-A,4,4,4,-0.0229062917457174,-0.24464358600712932,-0.34507689971354194,0.37795491376583,0.5
loose_curve,gps_speed_curve_matched,actual_curv_rms_1pm,C-minus-A,4,4,4,-0.015356257195495049,-0.56081063480025,-0.8142383197320858,1.035361210999307,0.75
loose_curve,gps_speed_curve_matched,lat_accel_rms_mps2,C-minus-A,4,4,4,-0.006852854977775463,-0.03446217757965653,-0.05370854012792935,0.05300254212875004,0.75
loose_curve,gps_speed_curve_matched,cmd_curv_rms_1pm,C-minus-A,4,4,4,0.6556905418815642,-0.24588646029683958,-0.2506855363060928,2.2422937913318606,0.5
loose_curve,gps_speed_curve_matched,desired_curv_rms_1pm,C-minus-A,4,4,4,0.6557569808107978,-0.24584705472889334,-0.2506904282620084,2.242619533906775,0.5
loose_curve,speed_curve_matched,steer_rms_deg,C-minus-B,4,9,8,-0.12612967296954508,-0.1656352033211646,-0.1872070242512024,-0.053815329442140986,0.75
loose_curve,speed_curve_matched,actual_curv_rms_1pm,C-minus-B,4,9,8,-0.22980568615100722,-0.2972656932618678,-0.3095960348357941,-0.10355196623439539,1.0
loose_curve,speed_curve_matched,lat_accel_rms_mps2,C-minus-B,4,9,8,-0.016746251813361788,-0.020512079662155503,-0.03633819845413553,-0.006321411436491543,0.75
loose_curve,speed_curve_matched,cmd_curv_rms_1pm,C-minus-B,4,9,8,-0.2411649325337541,-0.31513858228048997,-0.3719181922048686,-0.04421055876045972,0.75
loose_curve,speed_curve_matched,desired_curv_rms_1pm,C-minus-B,4,9,8,-0.2411825638258296,-0.31522411152425683,-0.37195722373566037,-0.04421648542536882,0.75
loose_curve,gps_speed_curve_matched,steer_rms_deg,C-minus-B,3,3,3,-0.10708023691004293,-0.11606501154612861,-0.12276368437572954,-0.08911068763787156,1.0
loose_curve,gps_speed_curve_matched,actual_curv_rms_1pm,C-minus-B,3,3,3,-0.2154076509627645,-0.27163090038740423,-0.27188998286779376,-0.10296115211348511,1.0
loose_curve,gps_speed_curve_matched,lat_accel_rms_mps2,C-minus-B,3,3,3,-0.013576215653057194,-0.017542659343047717,-0.018123859448474736,-0.005643328273076148,1.0
loose_curve,gps_speed_curve_matched,cmd_curv_rms_1pm,C-minus-B,3,3,3,-0.31526343851776084,-0.33024119965071785,-0.336493067710902,-0.2853079162518468,1.0
loose_curve,gps_speed_curve_matched,desired_curv_rms_1pm,C-minus-B,3,3,3,-0.31533718349770573,-0.33033969410032415,-0.3365036618334923,-0.2853321622924688,1.0
lower_speed,speed_curve_matched,steer_rms_deg,B-minus-A,4,23,10,0.2518522930515943,0.08086571802045214,0.08342390320476765,0.8520875271892261,0.0
lower_speed,speed_curve_matched,actual_curv_rms_1pm,B-minus-A,4,23,10,0.6070739386496522,0.12605350655159275,0.13257754027488333,2.4837531779431767,0.25
lower_speed,speed_curve_matched,lat_accel_rms_mps2,B-minus-A,4,23,10,0.04758752236305207,0.02617765840784848,0.007168880909314647,0.13519650186927837,0.25
lower_speed,speed_curve_matched,cmd_curv_rms_1pm,B-minus-A,4,23,10,0.6414848048289546,0.22147464321011134,0.2246052706196486,2.4920265627447398,0.0
lower_speed,speed_curve_matched,desired_curv_rms_1pm,B-minus-A,4,23,10,0.641477350650222,0.2214126078429372,0.2245195022903238,2.4922993385810557,0.0
lower_speed,gps_speed_curve_matched,steer_rms_deg,B-minus-A,3,4,3,0.04332975068557088,-0.022797179193788087,-0.11432522175879112,0.17558361044428883,0.3333333333333333
lower_speed,gps_speed_curve_matched,actual_curv_rms_1pm,B-minus-A,3,4,3,0.1731502748177407,0.08417612917498653,-0.02645548794963415,0.3510985661032491,0.3333333333333333
lower_speed,gps_speed_curve_matched,lat_accel_rms_mps2,B-minus-A,3,4,3,0.018570573969341104,0.013376422605981743,0.006588641883023813,0.02895887669605983,0.0
lower_speed,gps_speed_curve_matched,cmd_curv_rms_1pm,B-minus-A,3,4,3,0.1815179365589965,0.04041926052448066,-0.1312767660842984,0.46371528862802824,0.3333333333333333
lower_speed,gps_speed_curve_matched,desired_curv_rms_1pm,B-minus-A,3,4,3,0.18152395462659285,0.04041528572919031,-0.13124645619973396,0.46374129242139794,0.3333333333333333
lower_speed,speed_curve_matched,steer_rms_deg,C-minus-A,9,39,26,-0.14201232313692466,-0.21550827196134326,-0.3165421699144184,0.05339987758802369,0.5555555555555556
lower_speed,speed_curve_matched,actual_curv_rms_1pm,C-minus-A,9,39,26,-0.5031954736707215,-0.7483089095987611,-1.0629291874072682,0.05354372501819123,0.7777777777777778
lower_speed,speed_curve_matched,lat_accel_rms_mps2,C-minus-A,9,39,26,-0.02596350391811489,-0.045141669984109206,-0.05195326530172192,0.004895245483534378,0.7777777777777778
lower_speed,speed_curve_matched,cmd_curv_rms_1pm,C-minus-A,9,39,26,0.05881154533038425,-0.0920620799529629,-0.4038484180986424,0.6309206207819699,0.4444444444444444
lower_speed,speed_curve_matched,desired_curv_rms_1pm,C-minus-A,9,39,26,0.058803120411294665,-0.09214633339627874,-0.3963931305825951,0.6324225324543423,0.4444444444444444
lower_speed,gps_speed_curve_matched,steer_rms_deg,C-minus-A,5,6,5,-0.13176658465243904,-0.3450768997135419,-0.5173856151241845,0.35536587837098965,0.6
lower_speed,gps_speed_curve_matched,actual_curv_rms_1pm,C-minus-A,5,6,5,-0.30410388085223394,-0.8142383197320858,-1.3152162314339493,0.8409087966302522,0.8
lower_speed,gps_speed_curve_matched,lat_accel_rms_mps2,C-minus-A,5,6,5,-0.01763826137445971,-0.052162956160341556,-0.06773633257280573,0.047152803576976154,0.8
lower_speed,gps_speed_curve_matched,cmd_curv_rms_1pm,C-minus-A,5,6,5,0.2881725375393132,-0.2506855363060928,-0.8971065953874101,1.8920169323520502,0.6
lower_speed,gps_speed_curve_matched,desired_curv_rms_1pm,C-minus-A,5,6,5,0.2882184116707735,-0.2506904282620084,-0.8952311342365947,1.8922864971332385,0.6
lower_speed,speed_curve_matched,steer_rms_deg,C-minus-B,5,12,13,-0.14588014936967955,-0.17091668537123636,-0.23022862363758387,-0.07930838287885689,0.8
lower_speed,speed_curve_matched,actual_curv_rms_1pm,C-minus-B,5,12,13,-0.28645430341034883,-0.317457057024175,-0.46768740743208576,-0.16276634649635352,1.0
lower_speed,speed_curve_matched,lat_accel_rms_mps2,C-minus-B,5,12,13,-0.019249858328964857,-0.02266316669690605,-0.035477865031492424,-0.009656251460782896,0.8
lower_speed,speed_curve_matched,cmd_curv_rms_1pm,C-minus-B,5,12,13,-0.2761162795390956,-0.33024119965071785,-0.42722558905117297,-0.11092481856410741,0.8
lower_speed,speed_curve_matched,desired_curv_rms_1pm,C-minus-B,5,12,13,-0.2761433192999009,-0.33033969410032415,-0.43546686157501896,-0.11315296615690983,0.8
lower_speed,gps_speed_curve_matched,steer_rms_deg,C-minus-B,3,3,3,-0.10708023691004293,-0.11606501154612861,-0.12276368437572954,-0.08911068763787156,1.0
lower_speed,gps_speed_curve_matched,actual_curv_rms_1pm,C-minus-B,3,3,3,-0.2154076509627645,-0.27163090038740423,-0.27188998286779376,-0.10296115211348511,1.0
lower_speed,gps_speed_curve_matched,lat_accel_rms_mps2,C-minus-B,3,3,3,-0.013576215653057194,-0.017542659343047717,-0.018123859448474736,-0.005643328273076148,1.0
lower_speed,gps_speed_curve_matched,cmd_curv_rms_1pm,C-minus-B,3,3,3,-0.31526343851776084,-0.33024119965071785,-0.336493067710902,-0.2853079162518468,1.0
lower_speed,gps_speed_curve_matched,desired_curv_rms_1pm,C-minus-B,3,3,3,-0.31533718349770573,-0.33033969410032415,-0.3365036618334923,-0.2853321622924688,1.0
narrow_band,speed_curve_matched,steer_rms_deg,B-minus-A,3,14,8,0.20569819963570554,0.16964782419588165,0.16964782419588165,0.3838604731876849,0.0
narrow_band,speed_curve_matched,actual_curv_rms_1pm,B-minus-A,3,14,8,0.48172344987619725,0.29126292192717024,0.21833306238389272,1.2152365109914998,0.0
narrow_band,speed_curve_matched,lat_accel_rms_mps2,B-minus-A,3,14,8,0.03425465650701013,0.020686896780762888,0.009248479717141461,0.06777820394738204,0.0
narrow_band,speed_curve_matched,cmd_curv_rms_1pm,B-minus-A,3,14,8,0.8857875295636286,0.5954060358419311,0.44084003277419814,1.8739969889689176,0.0
narrow_band,speed_curve_matched,desired_curv_rms_1pm,B-minus-A,3,14,8,0.8857665003729801,0.5953991623011339,0.44090180740030105,1.8741111260297132,0.0
narrow_band,gps_speed_curve_matched,steer_rms_deg,B-minus-A,2,3,2,-0.06579871979163349,-0.3348461731112381,-0.3348461731112381,0.20324873352797113,0.5
narrow_band,gps_speed_curve_matched,actual_curv_rms_1pm,B-minus-A,2,3,2,-0.17684609515344696,-0.625992274150827,-0.625992274150827,0.2723000838439331,0.5
narrow_band,gps_speed_curve_matched,lat_accel_rms_mps2,B-minus-A,2,3,2,0.00370754377902386,-0.024616668197850633,-0.024616668197850633,0.03203175575589835,0.5
narrow_band,gps_speed_curve_matched,cmd_curv_rms_1pm,B-minus-A,2,3,2,-0.030124817519512237,-0.43232679062881396,-0.43232679062881396,0.3720771555897895,0.5
narrow_band,gps_speed_curve_matched,desired_curv_rms_1pm,B-minus-A,2,3,2,-0.030168446519006853,-0.4323634478065399,-0.4323634478065399,0.3720265547685262,0.5
narrow_band,speed_curve_matched,steer_rms_deg,C-minus-A,8,36,19,-0.13578135861792437,-0.08363112156031127,-0.32778364850913977,0.07707866078941497,0.75
narrow_band,speed_curve_matched,actual_curv_rms_1pm,C-minus-A,8,36,19,-0.5183904086013038,-0.27347706601966704,-1.1252651898910915,0.08617684559328878,0.75
narrow_band,speed_curve_matched,lat_accel_rms_mps2,C-minus-A,8,36,19,-0.026381021418065156,-0.0323821954803256,-0.05659899721600207,0.005497373713543662,0.875
narrow_band,speed_curve_matched,cmd_curv_rms_1pm,C-minus-A,8,36,19,0.016115852062498492,-0.04912168811446754,-0.4705262049667745,0.5891760154401273,0.5
narrow_band,speed_curve_matched,desired_curv_rms_1pm,C-minus-A,8,36,19,0.016098920229712543,-0.0491513105568151,-0.4573249024931781,0.5884911809200124,0.5
narrow_band,gps_speed_curve_matched,steer_rms_deg,C-minus-A,4,4,4,0.06517634677429202,-0.17669761186646737,-0.38017189400041,0.6917470360463654,0.75
narrow_band,gps_speed_curve_matched,actual_curv_rms_1pm,C-minus-A,4,4,4,0.2077835305966358,-0.3770099261688953,-0.9530984473596924,1.8550165266322813,0.75
narrow_band,gps_speed_curve_matched,lat_accel_rms_mps2,C-minus-A,4,4,4,0.006369840327035536,-0.025956999875530212,-0.05968253363772043,0.09868602483524039,0.75
narrow_band,gps_speed_curve_matched,cmd_curv_rms_1pm,C-minus-A,4,4,4,0.6075463460306092,-0.11022058603055318,-0.5224370943951636,2.44172181394205,0.75
narrow_band,gps_speed_curve_matched,desired_curv_rms_1pm,C-minus-A,4,4,4,0.6075795985221585,-0.1101746215074717,-0.5225519551794533,2.4419785594271044,0.75
narrow_band,speed_curve_matched,steer_rms_deg,C-minus-B,4,10,8,-0.13195439477305437,-0.12754735578362314,-0.21885050584305824,-0.09313991921529093,1.0
narrow_band,speed_curve_matched,actual_curv_rms_1pm,C-minus-B,4,10,8,-0.26558721881170244,-0.25528653063400314,-0.43212408132481067,-0.19589773421838175,1.0
narrow_band,speed_curve_matched,lat_accel_rms_mps2,C-minus-B,4,10,8,-0.02012360885325078,-0.01564773629071224,-0.03981885512910348,-0.01248704290982908,1.0
narrow_band,speed_curve_matched,cmd_curv_rms_1pm,C-minus-B,4,10,8,-0.349364176565015,-0.2907194698628882,-0.7487886052756212,-0.13830870755572394,1.0
narrow_band,speed_curve_matched,desired_curv_rms_1pm,C-minus-B,4,10,8,-0.3493632990369854,-0.290777720914009,-0.7487575002336799,-0.13828056323550075,1.0
narrow_band,gps_speed_curve_matched,steer_rms_deg,C-minus-B,3,3,3,-0.12638174275816547,-0.14350927847432268,-0.17189505180778872,-0.092126671325851,1.0
narrow_band,gps_speed_curve_matched,actual_curv_rms_1pm,C-minus-B,3,3,3,-0.26201421198183733,-0.32055691867268205,-0.3880403903004111,-0.14492879860014785,1.0
narrow_band,gps_speed_curve_matched,lat_accel_rms_mps2,C-minus-B,3,3,3,-0.017616748261877486,-0.02184285077255613,-0.02766395443687984,-0.009164543240520198,1.0
narrow_band,gps_speed_curve_matched,cmd_curv_rms_1pm,C-minus-B,3,3,3,-0.305114247291703,-0.33579322694132124,-0.3487859026930036,-0.2437562879924665,1.0
narrow_band,gps_speed_curve_matched,desired_curv_rms_1pm,C-minus-B,3,3,3,-0.3051645958261567,-0.33579787257571386,-0.34878192334288344,-0.24389804232704237,1.0
primary,speed_curve_matched,steer_rms_deg,B-minus-A,3,14,8,0.3196176970081683,0.13848957431721387,0.13848957431721387,1.1070091638651223,0.0
primary,speed_curve_matched,actual_curv_rms_1pm,B-minus-A,3,14,8,0.8740738402421758,0.3968018477033646,0.3968018477033646,3.2441564074495695,0.0
primary,speed_curve_matched,lat_accel_rms_mps2,B-minus-A,3,14,8,0.06004226238679714,0.028841678522627666,0.019024334171880958,0.1865931486554044,0.0
primary,speed_curve_matched,cmd_curv_rms_1pm,B-minus-A,3,14,8,1.116679249985019,0.620570749212957,0.5326862174016692,3.3335681584114663,0.0
primary,speed_curve_matched,desired_curv_rms_1pm,B-minus-A,3,14,8,1.1167294715324747,0.6205984189506825,0.5327771569159306,3.333920948337181,0.0
primary,gps_speed_curve_matched,steer_rms_deg,B-minus-A,2,3,2,0.039318554042733656,-0.11432522175879112,-0.11432522175879112,0.19296232984425843,0.5
primary,gps_speed_curve_matched,actual_curv_rms_1pm,B-minus-A,2,3,2,0.09927140877495377,-0.02645548794963415,-0.02645548794963415,0.2249983054995417,0.5
primary,gps_speed_curve_matched,lat_accel_rms_mps2,B-minus-A,2,3,2,0.024234947975224012,0.020164203328939673,0.020164203328939673,0.028305692621508352,0.0
primary,gps_speed_curve_matched,cmd_curv_rms_1pm,B-minus-A,2,3,2,0.10722391844729773,-0.1312767660842984,-0.1312767660842984,0.34572460297889385,0.5
primary,gps_speed_curve_matched,desired_curv_rms_1pm,B-minus-A,2,3,2,0.10721919165673344,-0.13124645619973396,-0.13124645619973396,0.34568483951320084,0.5
primary,speed_curve_matched,steer_rms_deg,C-minus-A,8,36,19,-0.15229476719980822,-0.0906702306356102,-0.31595163075402466,0.04216059414771575,0.75
primary,speed_curve_matched,actual_curv_rms_1pm,C-minus-A,8,36,19,-0.5919155989663805,-0.8179636036397693,-1.1896303219955748,0.025781226398544643,0.75
primary,speed_curve_matched,lat_accel_rms_mps2,C-minus-A,8,36,19,-0.02970152658442678,-0.029392102082194074,-0.057885823959577205,-0.0002489215649161812,0.75
primary,speed_curve_matched,cmd_curv_rms_1pm,C-minus-A,8,36,19,0.03225488269243046,0.011641928621748066,-0.42605941031468275,0.6148031754297726,0.5
primary,speed_curve_matched,desired_curv_rms_1pm,C-minus-A,8,36,19,0.032298819494987,0.011616543106910737,-0.4194791147587529,0.6177657532659582,0.5
primary,gps_speed_curve_matched,steer_rms_deg,C-minus-A,4,4,4,0.014829998152926127,-0.24464358600712932,-0.34507689971354194,0.4911637834617606,0.5
primary,gps_speed_curve_matched,actual_curv_rms_1pm,C-minus-A,4,4,4,0.07887417145600117,-0.56081063480025,-0.8142383197320858,1.3180524969537957,0.75
primary,gps_speed_curve_matched,lat_accel_rms_mps2,C-minus-A,4,4,4,-0.0014863247427847684,-0.03446217757965653,-0.05370854012792935,0.06910213283372213,0.75
primary,gps_speed_curve_matched,cmd_curv_rms_1pm,C-minus-A,4,4,4,0.7170902049423681,-0.24588646029683958,-0.2506855363060928,2.4264927805142724,0.5
primary,gps_speed_curve_matched,desired_curv_rms_1pm,C-minus-A,4,4,4,0.7171570978747966,-0.24584705472889334,-0.2506904282620084,2.4268198850987712,0.5
primary,speed_curve_matched,steer_rms_deg,C-minus-B,4,10,8,-0.12374497391987173,-0.16285305442987902,-0.1771912882425743,-0.04964210610521261,0.75
primary,speed_curve_matched,actual_curv_rms_1pm,C-minus-B,4,10,8,-0.24925900649089128,-0.31996123365839924,-0.39745774367551656,-0.12733233780884343,1.0
primary,speed_curve_matched,lat_accel_rms_mps2,C-minus-B,4,10,8,-0.016496054940279697,-0.020220183310226396,-0.03528737158719074,-0.006321411436491543,0.75
primary,speed_curve_matched,cmd_curv_rms_1pm,C-minus-B,4,10,8,-0.2929836008259471,-0.31513858228048997,-0.576883007727296,-0.046574480131485796,0.75
primary,speed_curve_matched,desired_curv_rms_1pm,C-minus-B,4,10,8,-0.2930018268932915,-0.31522411152425683,-0.5768122632694411,-0.04655693914299275,0.75
primary,gps_speed_curve_matched,steer_rms_deg,C-minus-B,3,3,3,-0.10708023691004293,-0.11606501154612861,-0.12276368437572954,-0.08911068763787156,1.0
primary,gps_speed_curve_matched,actual_curv_rms_1pm,C-minus-B,3,3,3,-0.2154076509627645,-0.27163090038740423,-0.27188998286779376,-0.10296115211348511,1.0
primary,gps_speed_curve_matched,lat_accel_rms_mps2,C-minus-B,3,3,3,-0.013576215653057194,-0.017542659343047717,-0.018123859448474736,-0.005643328273076148,1.0
primary,gps_speed_curve_matched,cmd_curv_rms_1pm,C-minus-B,3,3,3,-0.31526343851776084,-0.33024119965071785,-0.336493067710902,-0.2853079162518468,1.0
primary,gps_speed_curve_matched,desired_curv_rms_1pm,C-minus-B,3,3,3,-0.31533718349770573,-0.33033969410032415,-0.3365036618334923,-0.2853321622924688,1.0
strict_curve,speed_curve_matched,steer_rms_deg,B-minus-A,3,14,8,0.2848761171667352,0.08299128177077386,0.08299128177077386,1.1070091638651223,0.0
strict_curve,speed_curve_matched,actual_curv_rms_1pm,B-minus-A,3,14,8,0.7789769642800853,0.24281345541185906,0.24281345541185906,3.2441564074495695,0.0
strict_curve,speed_curve_matched,lat_accel_rms_mps2,B-minus-A,3,14,8,0.0578160538836906,0.028794479944970856,0.023350888304342537,0.1865931486554044,0.0
strict_curve,speed_curve_matched,cmd_curv_rms_1pm,B-minus-A,3,14,8,1.076539104901451,0.5921068985740489,0.5370629058650503,3.3335681584114663,0.0
strict_curve,speed_curve_matched,desired_curv_rms_1pm,B-minus-A,3,14,8,1.076579350933258,0.5921210039609189,0.537137624808328,3.333920948337181,0.0
strict_curve,gps_speed_curve_matched,steer_rms_deg,B-minus-A,2,3,2,0.039318554042733656,-0.11432522175879112,-0.11432522175879112,0.19296232984425843,0.5
strict_curve,gps_speed_curve_matched,actual_curv_rms_1pm,B-minus-A,2,3,2,0.09927140877495377,-0.02645548794963415,-0.02645548794963415,0.2249983054995417,0.5
strict_curve,gps_speed_curve_matched,lat_accel_rms_mps2,B-minus-A,2,3,2,0.024234947975224012,0.020164203328939673,0.020164203328939673,0.028305692621508352,0.0
strict_curve,gps_speed_curve_matched,cmd_curv_rms_1pm,B-minus-A,2,3,2,0.10722391844729773,-0.1312767660842984,-0.1312767660842984,0.34572460297889385,0.5
strict_curve,gps_speed_curve_matched,desired_curv_rms_1pm,B-minus-A,2,3,2,0.10721919165673344,-0.13124645619973396,-0.13124645619973396,0.34568483951320084,0.5
strict_curve,speed_curve_matched,steer_rms_deg,C-minus-A,6,31,16,-0.16203675036394005,-0.0997745174274318,-0.3403997978387231,0.0045218808341058675,0.6666666666666666
strict_curve,speed_curve_matched,actual_curv_rms_1pm,C-minus-A,6,31,16,-0.5776218046539562,-0.9927001828124443,-0.9709986902077192,-0.12369624387445931,0.8333333333333334
strict_curve,speed_curve_matched,lat_accel_rms_mps2,C-minus-A,6,31,16,-0.03221866375717912,-0.045696188489133586,-0.053269798079651584,-0.007940972442789131,0.8333333333333334
strict_curve,speed_curve_matched,cmd_curv_rms_1pm,C-minus-A,6,31,16,0.054523258101228454,-0.0780148902834868,-0.47070878210286765,0.6790580512141013,0.5
strict_curve,speed_curve_matched,desired_curv_rms_1pm,C-minus-A,6,31,16,0.054531601802137925,-0.0779840802623584,-0.46403191236576613,0.6925550598432418,0.5
strict_curve,gps_speed_curve_matched,steer_rms_deg,C-minus-A,2,2,2,-0.3450768997135419,-0.44551021341995445,-0.44551021341995445,-0.24464358600712932,1.0
strict_curve,gps_speed_curve_matched,actual_curv_rms_1pm,C-minus-A,2,2,2,-0.8142383197320858,-1.0676660046639217,-1.0676660046639217,-0.56081063480025,1.0
strict_curve,gps_speed_curve_matched,lat_accel_rms_mps2,C-minus-A,2,2,2,-0.052162956160341556,-0.06986373474102658,-0.06986373474102658,-0.03446217757965653,1.0
strict_curve,gps_speed_curve_matched,cmd_curv_rms_1pm,C-minus-A,2,2,2,-0.2506855363060928,-0.255484612315346,-0.255484612315346,-0.24588646029683958,1.0
strict_curve,gps_speed_curve_matched,desired_curv_rms_1pm,C-minus-A,2,2,2,-0.2506904282620084,-0.2555338017951234,-0.2555338017951234,-0.24584705472889334,1.0
strict_curve,speed_curve_matched,steer_rms_deg,C-minus-B,3,9,7,-0.14011370711943064,-0.16420450401229822,-0.1934301033863146,-0.09923851317719962,1.0
strict_curve,speed_curve_matched,actual_curv_rms_1pm,C-minus-B,3,9,7,-0.29224284436952624,-0.3668828037421048,-0.5436970412856277,-0.1871664850102499,1.0
strict_curve,speed_curve_matched,lat_accel_rms_mps2,C-minus-B,3,9,7,-0.019243401498829454,-0.02586899310448256,-0.049434495397491375,-0.011883593860775435,1.0
strict_curve,speed_curve_matched,cmd_curv_rms_1pm,C-minus-B,3,9,7,-0.3579973489955172,-0.33024119965071785,-0.7686252083836158,-0.23962549542935063,1.0
strict_curve,speed_curve_matched,desired_curv_rms_1pm,C-minus-B,3,9,7,-0.3580260232424106,-0.33033969410032415,-0.7685381553220547,-0.23964619864392026,1.0
strict_curve,gps_speed_curve_matched,steer_rms_deg,C-minus-B,3,3,3,-0.10708023691004293,-0.11606501154612861,-0.12276368437572954,-0.08911068763787156,1.0
strict_curve,gps_speed_curve_matched,actual_curv_rms_1pm,C-minus-B,3,3,3,-0.2154076509627645,-0.27163090038740423,-0.27188998286779376,-0.10296115211348511,1.0
strict_curve,gps_speed_curve_matched,lat_accel_rms_mps2,C-minus-B,3,3,3,-0.013576215653057194,-0.017542659343047717,-0.018123859448474736,-0.005643328273076148,1.0
strict_curve,gps_speed_curve_matched,cmd_curv_rms_1pm,C-minus-B,3,3,3,-0.31526343851776084,-0.33024119965071785,-0.336493067710902,-0.2853079162518468,1.0
strict_curve,gps_speed_curve_matched,desired_curv_rms_1pm,C-minus-B,3,3,3,-0.31533718349770573,-0.33033969410032415,-0.3365036618334923,-0.2853321622924688,1.0
