setting,subset,metric,comparison,stratum,a_n_windows,b_n_windows,weight,a_median,b_median,diff
broad_band,speed_curve_matched,steer_rms_deg,B-minus-A,10|-1,9,4,4.0,0.8219246670607493,1.0291408406221398,0.20721617356139055
broad_band,speed_curve_matched,steer_rms_deg,B-minus-A,10|0,4,1,1.0,0.6086740646037891,2.2211508594449456,1.6124767948411565
broad_band,speed_curve_matched,steer_rms_deg,B-minus-A,11|-1,1,3,1.0,0.3768575186296626,0.8932417266957845,0.5163842080661218
broad_band,speed_curve_matched,actual_curv_rms_1pm,B-minus-A,10|-1,9,4,4.0,1.8398696609745953,2.4778851131937443,0.638015452219149
broad_band,speed_curve_matched,actual_curv_rms_1pm,B-minus-A,10|0,4,1,1.0,1.3960846532479407,5.74884783655441,4.35276318330647
broad_band,speed_curve_matched,actual_curv_rms_1pm,B-minus-A,11|-1,1,3,1.0,0.8710980112682746,1.9972377608333298,1.1261397495650551
broad_band,speed_curve_matched,lat_accel_rms_mps2,B-minus-A,10|-1,9,4,4.0,0.11047361027044819,0.1658277879950101,0.055354177724561915
broad_band,speed_curve_matched,lat_accel_rms_mps2,B-minus-A,10|0,4,1,1.0,0.09633446971533405,0.3586456797093838,0.2623112099940498
broad_band,speed_curve_matched,lat_accel_rms_mps2,B-minus-A,11|-1,1,3,1.0,0.07483032373762716,0.15336779631370287,0.07853747257607571
broad_band,speed_curve_matched,cmd_curv_rms_1pm,B-minus-A,10|-1,9,4,4.0,1.5759898382772612,2.5069868199629015,0.9309969816856403
broad_band,speed_curve_matched,cmd_curv_rms_1pm,B-minus-A,10|0,4,1,1.0,1.1540510739863703,5.946238231321295,4.792187157334924
broad_band,speed_curve_matched,cmd_curv_rms_1pm,B-minus-A,11|-1,1,3,1.0,0.5793651762737855,1.8947011199750443,1.3153359437012588
broad_band,speed_curve_matched,desired_curv_rms_1pm,B-minus-A,10|-1,9,4,4.0,1.5760036281034542,2.5070763428710734,0.9310727147676192
broad_band,speed_curve_matched,desired_curv_rms_1pm,B-minus-A,10|0,4,1,1.0,1.1539466776091194,5.946640193104814,4.792693515495695
broad_band,speed_curve_matched,desired_curv_rms_1pm,B-minus-A,11|-1,1,3,1.0,0.5793337566865471,1.894630174618564,1.315296417932017
broad_band,gps_speed_curve_matched,steer_rms_deg,B-minus-A,-6|-1|10|-1,1,1,1.0,0.714887264033474,0.9036043032651776,0.18871703923170358
broad_band,gps_speed_curve_matched,steer_rms_deg,B-minus-A,-9|-1|10|-1,2,1,1.0,0.8627109472985717,0.7040153964550694,-0.1586955508435023
broad_band,gps_speed_curve_matched,actual_curv_rms_1pm,B-minus-A,-6|-1|10|-1,1,1,1.0,1.7599130544070978,1.9542270879239425,0.19431403351684473
broad_band,gps_speed_curve_matched,actual_curv_rms_1pm,B-minus-A,-9|-1|10|-1,2,1,1.0,2.0147955971240705,1.8031696594896471,-0.2116259376344234
broad_band,gps_speed_curve_matched,lat_accel_rms_mps2,B-minus-A,-6|-1|10|-1,1,1,1.0,0.11033868378287782,0.1362675514125763,0.025928867629698468
broad_band,gps_speed_curve_matched,lat_accel_rms_mps2,B-minus-A,-9|-1|10|-1,2,1,1.0,0.12854089579747058,0.13670284067978808,0.008161944882317501
broad_band,gps_speed_curve_matched,cmd_curv_rms_1pm,B-minus-A,-6|-1|10|-1,1,1,1.0,1.5173802868614936,1.8532255437202159,0.33584525685872224
broad_band,gps_speed_curve_matched,cmd_curv_rms_1pm,B-minus-A,-9|-1|10|-1,2,1,1.0,1.708288133553197,1.6269609412526804,-0.08132719230051655
broad_band,gps_speed_curve_matched,desired_curv_rms_1pm,B-minus-A,-6|-1|10|-1,1,1,1.0,1.5173405894766614,1.8531436573170261,0.33580306784036473
broad_band,gps_speed_curve_matched,desired_curv_rms_1pm,B-minus-A,-9|-1|10|-1,2,1,1.0,1.7082934536079044,1.627009107600053,-0.0812843460078514
broad_band,speed_curve_matched,steer_rms_deg,C-minus-A,10|-1,9,1,1.0,0.8219246670607493,0.743788299679047,-0.07813636738170227
broad_band,speed_curve_matched,steer_rms_deg,C-minus-A,11|-1,1,4,1.0,0.3768575186296626,0.5409631475405696,0.16410562891090702
broad_band,speed_curve_matched,steer_rms_deg,C-minus-A,8|-1,8,4,4.0,1.0578873914327371,0.6400964381495976,-0.41779095328313953
broad_band,speed_curve_matched,steer_rms_deg,C-minus-A,8|-2,4,1,1.0,1.278598331711799,0.6707156007429529,-0.6078827309688462
broad_band,speed_curve_matched,steer_rms_deg,C-minus-A,9|-1,7,4,4.0,0.8197383282457603,0.8171823090265835,-0.0025560192191768083
broad_band,speed_curve_matched,steer_rms_deg,C-minus-A,9|-2,2,2,2.0,1.3717918133129365,1.539976984506593,0.1681851711936564
broad_band,speed_curve_matched,steer_rms_deg,C-minus-A,9|-3,2,1,1.0,0.7871286836278573,0.7373904999307748,-0.049738183697082494
broad_band,speed_curve_matched,steer_rms_deg,C-minus-A,9|0,3,2,2.0,1.8910277687404444,2.0685677166919874,0.17753994795154293
broad_band,speed_curve_matched,actual_curv_rms_1pm,C-minus-A,10|-1,9,1,1.0,1.8398696609745953,1.8553841574961334,0.015514496521538135
broad_band,speed_curve_matched,actual_curv_rms_1pm,C-minus-A,11|-1,1,4,1.0,0.8710980112682746,1.1147858915813156,0.243687880313041
broad_band,speed_curve_matched,actual_curv_rms_1pm,C-minus-A,8|-1,8,4,4.0,2.6161449200055666,1.5946226090689217,-1.021522310936645
broad_band,speed_curve_matched,actual_curv_rms_1pm,C-minus-A,8|-2,4,1,1.0,3.2880008441768958,1.655407860490406,-1.6325929836864899
broad_band,speed_curve_matched,actual_curv_rms_1pm,C-minus-A,9|-1,7,4,4.0,2.175763642829148,2.0170540150703338,-0.15870962775881425
broad_band,speed_curve_matched,actual_curv_rms_1pm,C-minus-A,9|-2,2,2,2.0,3.513949554949855,3.9277786563427206,0.41382910139286544
broad_band,speed_curve_matched,actual_curv_rms_1pm,C-minus-A,9|-3,2,1,1.0,1.9128838887311177,1.8865166053510056,-0.026367283380112072
broad_band,speed_curve_matched,actual_curv_rms_1pm,C-minus-A,9|0,3,2,2.0,5.3637232376044075,4.05964163581219,-1.3040816017922179
broad_band,speed_curve_matched,lat_accel_rms_mps2,C-minus-A,10|-1,9,1,1.0,0.11047361027044819,0.10661898508622882,-0.0038546251842193763
broad_band,speed_curve_matched,lat_accel_rms_mps2,C-minus-A,11|-1,1,4,1.0,0.07483032373762716,0.08878109785509325,0.013950774117466092
broad_band,speed_curve_matched,lat_accel_rms_mps2,C-minus-A,8|-1,8,4,4.0,0.12380238265676846,0.06976513308247573,-0.054037249574292734
broad_band,speed_curve_matched,lat_accel_rms_mps2,C-minus-A,8|-2,4,1,1.0,0.14770156452554803,0.078319243857462,-0.06938232066808603
broad_band,speed_curve_matched,lat_accel_rms_mps2,C-minus-A,9|-1,7,4,4.0,0.11384125226270689,0.108390716691254,-0.005450535571452891
broad_band,speed_curve_matched,lat_accel_rms_mps2,C-minus-A,9|-2,2,2,2.0,0.19488606456019672,0.2209398969024084,0.026053832342211675
broad_band,speed_curve_matched,lat_accel_rms_mps2,C-minus-A,9|-3,2,1,1.0,0.12278649699174794,0.0979074335264182,-0.02487906346532974
broad_band,speed_curve_matched,lat_accel_rms_mps2,C-minus-A,9|0,3,2,2.0,0.2746753515602098,0.2278399232144504,-0.04683542834575938
broad_band,speed_curve_matched,cmd_curv_rms_1pm,C-minus-A,10|-1,9,1,1.0,1.5759898382772612,1.7612483680800388,0.18525852980277757
broad_band,speed_curve_matched,cmd_curv_rms_1pm,C-minus-A,11|-1,1,4,1.0,0.5793651762737855,1.0603492565121009,0.4809840802383154
broad_band,speed_curve_matched,cmd_curv_rms_1pm,C-minus-A,8|-1,8,4,4.0,2.316111890693037,1.761733066504297,-0.55437882418874
broad_band,speed_curve_matched,cmd_curv_rms_1pm,C-minus-A,8|-2,4,1,1.0,2.92293529828504,1.7404628619211997,-1.1824724363638404
broad_band,speed_curve_matched,cmd_curv_rms_1pm,C-minus-A,9|-1,7,4,4.0,2.0217416958278513,2.071279558358513,0.0495378625306615
broad_band,speed_curve_matched,cmd_curv_rms_1pm,C-minus-A,9|-2,2,2,2.0,3.0852408099192687,4.862113483192173,1.7768726732729045
broad_band,speed_curve_matched,cmd_curv_rms_1pm,C-minus-A,9|-3,2,1,1.0,1.7053611665927364,1.794012331313248,0.08865116472051171
broad_band,speed_curve_matched,cmd_curv_rms_1pm,C-minus-A,9|0,3,2,2.0,5.14317432397497,6.528850277452472,1.3856759534775023
broad_band,speed_curve_matched,desired_curv_rms_1pm,C-minus-A,10|-1,9,1,1.0,1.5760036281034542,1.7612496595972271,0.18524603149377294
broad_band,speed_curve_matched,desired_curv_rms_1pm,C-minus-A,11|-1,1,4,1.0,0.5793337566865471,1.0603823709778688,0.48104861429132173
broad_band,speed_curve_matched,desired_curv_rms_1pm,C-minus-A,8|-1,8,4,4.0,2.3161479789522845,1.7618785879431003,-0.5542693910091843
broad_band,speed_curve_matched,desired_curv_rms_1pm,C-minus-A,8|-2,4,1,1.0,2.9229993723544494,1.740462862008081,-1.1825365103463683
broad_band,speed_curve_matched,desired_curv_rms_1pm,C-minus-A,9|-1,7,4,4.0,2.0216923031464775,2.0712935158720365,0.04960121272555895
broad_band,speed_curve_matched,desired_curv_rms_1pm,C-minus-A,9|-2,2,2,2.0,3.085229632977704,4.862323198111809,1.7770935651341047
broad_band,speed_curve_matched,desired_curv_rms_1pm,C-minus-A,9|-3,2,1,1.0,1.7054222133504653,1.7940123260768628,0.0885901127263975
broad_band,speed_curve_matched,desired_curv_rms_1pm,C-minus-A,9|0,3,2,2.0,5.143252191042349,6.52892674750958,1.3856745564672304
broad_band,gps_speed_curve_matched,steer_rms_deg,C-minus-A,-8|-1|9|-3,1,1,1.0,0.6209073576618636,0.7373904999307748,0.11648314226891121
broad_band,gps_speed_curve_matched,steer_rms_deg,C-minus-A,-9|-1|9|-1,1,1,1.0,0.9964413870124338,0.8143865431935979,-0.18205484381883585
broad_band,gps_speed_curve_matched,steer_rms_deg,C-minus-A,3|-1|9|-2,1,1,1.0,1.8682313648510636,2.3813992451493573,0.5131678802982937
broad_band,gps_speed_curve_matched,steer_rms_deg,C-minus-A,3|-1|9|0,1,1,1.0,2.6067877903665044,2.074053268785312,-0.5327345215811925
broad_band,gps_speed_curve_matched,actual_curv_rms_1pm,C-minus-A,-8|-1|9|-3,1,1,1.0,1.6100636262080261,1.8865166053510056,0.2764529791429795
broad_band,gps_speed_curve_matched,actual_curv_rms_1pm,C-minus-A,-9|-1|9|-1,1,1,1.0,2.4416896682830966,2.0306777926989725,-0.4110118755841241
broad_band,gps_speed_curve_matched,actual_curv_rms_1pm,C-minus-A,3|-1|9|-2,1,1,1.0,4.870628357060885,6.166614974655948,1.2959866175950632
broad_band,gps_speed_curve_matched,actual_curv_rms_1pm,C-minus-A,3|-1|9|0,1,1,1.0,6.919290449402514,5.597942758368185,-1.3213476910343287
broad_band,gps_speed_curve_matched,lat_accel_rms_mps2,C-minus-A,-8|-1|9|-3,1,1,1.0,0.08899847814201525,0.0979074335264182,0.00890895538440295
broad_band,gps_speed_curve_matched,lat_accel_rms_mps2,C-minus-A,-9|-1|9|-1,1,1,1.0,0.1371363645737627,0.10937079197536212,-0.027765572598400567
broad_band,gps_speed_curve_matched,lat_accel_rms_mps2,C-minus-A,3|-1|9|-2,1,1,1.0,0.2752891595885086,0.3455223905309733,0.0702332309424647
broad_band,gps_speed_curve_matched,lat_accel_rms_mps2,C-minus-A,3|-1|9|0,1,1,1.0,0.40205472429393846,0.31499332124444707,-0.08706140304949139
broad_band,gps_speed_curve_matched,cmd_curv_rms_1pm,C-minus-A,-8|-1|9|-3,1,1,1.0,1.5445834586112948,1.794012331313248,0.24942887270195335
broad_band,gps_speed_curve_matched,cmd_curv_rms_1pm,C-minus-A,-9|-1|9|-1,1,1,1.0,2.0217416958278513,1.9378396363338106,-0.08390205949404073
broad_band,gps_speed_curve_matched,cmd_curv_rms_1pm,C-minus-A,3|-1|9|-2,1,1,1.0,4.4268703546265264,8.192458345020576,3.7655879903940495
broad_band,gps_speed_curve_matched,cmd_curv_rms_1pm,C-minus-A,3|-1|9|0,1,1,1.0,6.41909028195273,6.002056766167206,-0.4170335157855245
broad_band,gps_speed_curve_matched,desired_curv_rms_1pm,C-minus-A,-8|-1|9|-3,1,1,1.0,1.5447360795427223,1.7940123260768628,0.2492762465341405
broad_band,gps_speed_curve_matched,desired_curv_rms_1pm,C-minus-A,-9|-1|9|-1,1,1,1.0,2.0216923031464775,1.9378400530630502,-0.08385225008342734
broad_band,gps_speed_curve_matched,desired_curv_rms_1pm,C-minus-A,3|-1|9|-2,1,1,1.0,4.426846406947394,8.19287773473701,3.766031327789616
broad_band,gps_speed_curve_matched,desired_curv_rms_1pm,C-minus-A,3|-1|9|0,1,1,1.0,6.4190624435976416,6.002037218355536,-0.4170252252421056
broad_band,speed_curve_matched,steer_rms_deg,C-minus-B,10|-1,4,1,1.0,1.0291408406221398,0.743788299679047,-0.2853525409430928
broad_band,speed_curve_matched,steer_rms_deg,C-minus-B,11|-1,3,4,3.0,0.8932417266957845,0.5409631475405696,-0.3522785791552149
broad_band,speed_curve_matched,steer_rms_deg,C-minus-B,11|-2,1,1,1.0,0.6157204555040616,0.8111265797492188,0.19540612424515713
broad_band,speed_curve_matched,steer_rms_deg,C-minus-B,11|0,2,2,2.0,0.5443659387778883,0.4444327729458415,-0.09993316583204681
broad_band,speed_curve_matched,actual_curv_rms_1pm,C-minus-B,10|-1,4,1,1.0,2.4778851131937443,1.8553841574961334,-0.6225009556976109
broad_band,speed_curve_matched,actual_curv_rms_1pm,C-minus-B,11|-1,3,4,3.0,1.9972377608333298,1.1147858915813156,-0.8824518692520142
broad_band,speed_curve_matched,actual_curv_rms_1pm,C-minus-B,11|-2,1,1,1.0,1.3951213640410227,1.7861240807199181,0.3910027166788954
broad_band,speed_curve_matched,actual_curv_rms_1pm,C-minus-B,11|0,2,2,2.0,1.1557355564951397,0.9748113250160515,-0.1809242314790882
broad_band,speed_curve_matched,lat_accel_rms_mps2,C-minus-B,10|-1,4,1,1.0,0.1658277879950101,0.10661898508622882,-0.05920880290878129
broad_band,speed_curve_matched,lat_accel_rms_mps2,C-minus-B,11|-1,3,4,3.0,0.15336779631370287,0.08878109785509325,-0.06458669845860962
broad_band,speed_curve_matched,lat_accel_rms_mps2,C-minus-B,11|-2,1,1,1.0,0.10886920923476935,0.1424066543703979,0.03353744513562855
broad_band,speed_curve_matched,lat_accel_rms_mps2,C-minus-B,11|0,2,2,2.0,0.08881740456732738,0.07770965904211502,-0.011107745525212362
broad_band,speed_curve_matched,cmd_curv_rms_1pm,C-minus-B,10|-1,4,1,1.0,2.5069868199629015,1.7612483680800388,-0.7457384518828627
broad_band,speed_curve_matched,cmd_curv_rms_1pm,C-minus-B,11|-1,3,4,3.0,1.8947011199750443,1.0603492565121009,-0.8343518634629434
broad_band,speed_curve_matched,cmd_curv_rms_1pm,C-minus-B,11|-2,1,1,1.0,1.1828986430215471,1.6610509028481713,0.4781522598266241
broad_band,speed_curve_matched,cmd_curv_rms_1pm,C-minus-B,11|0,2,2,2.0,1.2849177405727854,0.9402752061516515,-0.3446425344211339
broad_band,speed_curve_matched,desired_curv_rms_1pm,C-minus-B,10|-1,4,1,1.0,2.5070763428710734,1.7612496595972271,-0.7458266832738463
broad_band,speed_curve_matched,desired_curv_rms_1pm,C-minus-B,11|-1,3,4,3.0,1.894630174618564,1.0603823709778688,-0.8342478036406953
broad_band,speed_curve_matched,desired_curv_rms_1pm,C-minus-B,11|-2,1,1,1.0,1.1828780123641351,1.6610669729331489,0.4781889605690137
broad_band,speed_curve_matched,desired_curv_rms_1pm,C-minus-B,11|0,2,2,2.0,1.2849303478210443,0.9402099674272186,-0.3447203803938257
broad_band,gps_speed_curve_matched,steer_rms_deg,C-minus-B,-5|-1|11|-1,1,1,1.0,0.590201059972996,0.49358579993428287,-0.09661526003871312
broad_band,gps_speed_curve_matched,steer_rms_deg,C-minus-B,-7|-1|11|0,1,1,1.0,0.5285430962334061,0.44385410139585835,-0.08468899483754777
broad_band,gps_speed_curve_matched,steer_rms_deg,C-minus-B,-8|-1|11|0,1,1,1.0,0.5601887813223705,0.4450114444958246,-0.1151773368265459
broad_band,gps_speed_curve_matched,actual_curv_rms_1pm,C-minus-B,-5|-1|11|-1,1,1,1.0,1.2120530119776136,0.9902375482286425,-0.2218154637489711
broad_band,gps_speed_curve_matched,actual_curv_rms_1pm,C-minus-B,-7|-1|11|0,1,1,1.0,1.1934592721039512,0.9752939812669995,-0.2181652908369517
broad_band,gps_speed_curve_matched,actual_curv_rms_1pm,C-minus-B,-8|-1|11|0,1,1,1.0,1.1180118408863282,0.9743286687651035,-0.14368317212122472
broad_band,gps_speed_curve_matched,lat_accel_rms_mps2,C-minus-B,-5|-1|11|-1,1,1,1.0,0.09166968007154766,0.07863529116427627,-0.013034388907271391
broad_band,gps_speed_curve_matched,lat_accel_rms_mps2,C-minus-B,-7|-1|11|0,1,1,1.0,0.09163969328994111,0.0778639184264116,-0.013775774863529502
broad_band,gps_speed_curve_matched,lat_accel_rms_mps2,C-minus-B,-8|-1|11|0,1,1,1.0,0.08599511584471366,0.07755539965781842,-0.008439716186895235
broad_band,gps_speed_curve_matched,cmd_curv_rms_1pm,C-minus-B,-5|-1|11|-1,1,1,1.0,1.0588655070253759,0.9699982168603681,-0.08886729016500772
broad_band,gps_speed_curve_matched,cmd_curv_rms_1pm,C-minus-B,-7|-1|11|0,1,1,1.0,1.2512116097046746,0.9023444010457012,-0.34886720865897336
broad_band,gps_speed_curve_matched,cmd_curv_rms_1pm,C-minus-B,-8|-1|11|0,1,1,1.0,1.318623871440896,0.9782060112576018,-0.34041786018329423
broad_band,gps_speed_curve_matched,desired_curv_rms_1pm,C-minus-B,-5|-1|11|-1,1,1,1.0,1.0588889138140083,0.969998534480916,-0.0888903793330923
broad_band,gps_speed_curve_matched,desired_curv_rms_1pm,C-minus-B,-7|-1|11|0,1,1,1.0,1.2512120609612079,0.9023390374908599,-0.348873023470348
broad_band,gps_speed_curve_matched,desired_curv_rms_1pm,C-minus-B,-8|-1|11|0,1,1,1.0,1.3186486346808808,0.9780808973635774,-0.3405677373173034
loose_curve,speed_curve_matched,steer_rms_deg,B-minus-A,10|-1,9,3,3.0,0.7289363713245116,0.884118838989439,0.15518246766492738
loose_curve,speed_curve_matched,steer_rms_deg,B-minus-A,10|0,4,2,2.0,0.5705821871415466,1.332610754391209,0.7620285672496623
loose_curve,speed_curve_matched,steer_rms_deg,B-minus-A,11|-1,1,3,1.0,0.3602472087374548,0.6169859296524867,0.25673872091503186
loose_curve,speed_curve_matched,actual_curv_rms_1pm,B-minus-A,10|-1,9,3,3.0,1.6917384114753824,1.9523670167995586,0.2606286053241762
loose_curve,speed_curve_matched,actual_curv_rms_1pm,B-minus-A,10|0,4,2,2.0,1.2836066493438822,3.6057857341819775,2.322179084838095
loose_curve,speed_curve_matched,actual_curv_rms_1pm,B-minus-A,11|-1,1,3,1.0,0.8082212688151104,1.2213005120051372,0.41307924319002687
loose_curve,speed_curve_matched,lat_accel_rms_mps2,B-minus-A,10|-1,9,3,3.0,0.10582818667494036,0.14623858765988937,0.04041040098494901
loose_curve,speed_curve_matched,lat_accel_rms_mps2,B-minus-A,10|0,4,2,2.0,0.08892443141371945,0.21893182034626857,0.13000738893254912
loose_curve,speed_curve_matched,lat_accel_rms_mps2,B-minus-A,11|-1,1,3,1.0,0.06948825194792417,0.08851258611980513,0.019024334171880958
loose_curve,speed_curve_matched,cmd_curv_rms_1pm,B-minus-A,10|-1,9,3,3.0,1.4544419289809063,1.8001665319598001,0.34572460297889385
loose_curve,speed_curve_matched,cmd_curv_rms_1pm,B-minus-A,10|0,4,2,2.0,1.0440700199681126,3.5967520787812415,2.552682058813129
loose_curve,speed_curve_matched,cmd_curv_rms_1pm,B-minus-A,11|-1,1,3,1.0,0.6074025538324727,1.1400887712341419,0.5326862174016692
loose_curve,speed_curve_matched,desired_curv_rms_1pm,B-minus-A,10|-1,9,3,3.0,1.4544062229458508,1.8000910624590516,0.34568483951320084
loose_curve,speed_curve_matched,desired_curv_rms_1pm,B-minus-A,10|0,4,2,2.0,1.0439664004734683,3.5968359347536794,2.552869534280211
loose_curve,speed_curve_matched,desired_curv_rms_1pm,B-minus-A,11|-1,1,3,1.0,0.6073372847971569,1.1401144417130875,0.5327771569159306
loose_curve,gps_speed_curve_matched,steer_rms_deg,B-minus-A,-6|-1|10|-1,1,1,1.0,0.6911565091451806,0.884118838989439,0.19296232984425843
loose_curve,gps_speed_curve_matched,steer_rms_deg,B-minus-A,-9|-1|10|-1,2,1,1.0,0.8540616889599231,0.739736467201132,-0.11432522175879112
loose_curve,gps_speed_curve_matched,actual_curv_rms_1pm,B-minus-A,-6|-1|10|-1,1,1,1.0,1.6917384114753824,1.916736716974924,0.2249983054995417
loose_curve,gps_speed_curve_matched,actual_curv_rms_1pm,B-minus-A,-9|-1|10|-1,2,1,1.0,1.9788225047491927,1.9523670167995586,-0.02645548794963415
loose_curve,gps_speed_curve_matched,lat_accel_rms_mps2,B-minus-A,-6|-1|10|-1,1,1,1.0,0.10558823623968132,0.13389392886118967,0.028305692621508352
loose_curve,gps_speed_curve_matched,lat_accel_rms_mps2,B-minus-A,-9|-1|10|-1,2,1,1.0,0.1260743843309497,0.14623858765988937,0.020164203328939673
loose_curve,gps_speed_curve_matched,cmd_curv_rms_1pm,B-minus-A,-6|-1|10|-1,1,1,1.0,1.4544419289809063,1.8001665319598001,0.34572460297889385
loose_curve,gps_speed_curve_matched,cmd_curv_rms_1pm,B-minus-A,-9|-1|10|-1,2,1,1.0,1.7169438053815385,1.58566703929724,-0.1312767660842984
loose_curve,gps_speed_curve_matched,desired_curv_rms_1pm,B-minus-A,-6|-1|10|-1,1,1,1.0,1.4544062229458508,1.8000910624590516,0.34568483951320084
loose_curve,gps_speed_curve_matched,desired_curv_rms_1pm,B-minus-A,-9|-1|10|-1,2,1,1.0,1.7169602920958207,1.5857138358960867,-0.13124645619973396
loose_curve,speed_curve_matched,steer_rms_deg,C-minus-A,10|-1,9,1,1.0,0.7289363713245116,0.6382661406889014,-0.0906702306356102
loose_curve,speed_curve_matched,steer_rms_deg,C-minus-A,11|-1,1,4,1.0,0.3602472087374548,0.46739422532719666,0.10714701658974185
loose_curve,speed_curve_matched,steer_rms_deg,C-minus-A,8|-1,8,4,4.0,1.0143299785864,0.5993642466608846,-0.41496573192551534
loose_curve,speed_curve_matched,steer_rms_deg,C-minus-A,8|-2,4,1,1.0,1.2316698050476746,0.6172209434256407,-0.6144488616220339
loose_curve,speed_curve_matched,steer_rms_deg,C-minus-A,9|-1,8,4,4.0,0.8045610370776101,0.7120499827423692,-0.09251105433524087
loose_curve,speed_curve_matched,steer_rms_deg,C-minus-A,9|-2,2,2,2.0,1.115308237721217,1.295373176136943,0.18006493841572602
loose_curve,speed_curve_matched,steer_rms_deg,C-minus-A,9|-3,3,1,1.0,0.8193678108164526,0.6290222144733536,-0.190345596343099
loose_curve,speed_curve_matched,steer_rms_deg,C-minus-A,9|0,3,2,2.0,1.7045954079206842,1.516234465775943,-0.1883609421447412
loose_curve,speed_curve_matched,actual_curv_rms_1pm,C-minus-A,10|-1,9,1,1.0,1.6917384114753824,1.5611512820800684,-0.13058712939531403
loose_curve,speed_curve_matched,actual_curv_rms_1pm,C-minus-A,11|-1,1,4,1.0,0.8082212688151104,0.9428248270347939,0.1346035582196835
loose_curve,speed_curve_matched,actual_curv_rms_1pm,C-minus-A,8|-1,8,4,4.0,2.530083808320284,1.5253718013248714,-1.0047120069954125
loose_curve,speed_curve_matched,actual_curv_rms_1pm,C-minus-A,8|-2,4,1,1.0,3.1450847594586406,1.534029989120579,-1.6110547703380615
loose_curve,speed_curve_matched,actual_curv_rms_1pm,C-minus-A,9|-1,8,4,4.0,2.0575072310764355,1.7683965628406497,-0.2891106682357858
loose_curve,speed_curve_matched,actual_curv_rms_1pm,C-minus-A,9|-2,2,2,2.0,2.8349400590362483,3.333363969294077,0.4984239102578285
loose_curve,speed_curve_matched,actual_curv_rms_1pm,C-minus-A,9|-3,3,1,1.0,1.8745325386955467,1.5807688139758729,-0.2937637247196738
loose_curve,speed_curve_matched,actual_curv_rms_1pm,C-minus-A,9|0,3,2,2.0,4.83003350923685,2.80973657358083,-2.0202969356560203
loose_curve,speed_curve_matched,lat_accel_rms_mps2,C-minus-A,10|-1,9,1,1.0,0.10582818667494036,0.09359731947684712,-0.012230867198093243
loose_curve,speed_curve_matched,lat_accel_rms_mps2,C-minus-A,11|-1,1,4,1.0,0.06948825194792417,0.07442634416182697,0.004938092213902803
loose_curve,speed_curve_matched,lat_accel_rms_mps2,C-minus-A,8|-1,8,4,4.0,0.12171221400709238,0.06659374625703944,-0.05511846775005294
loose_curve,speed_curve_matched,lat_accel_rms_mps2,C-minus-A,8|-2,4,1,1.0,0.14134642268980066,0.07255966482717494,-0.06878675786262572
loose_curve,speed_curve_matched,lat_accel_rms_mps2,C-minus-A,9|-1,8,4,4.0,0.1094587855156556,0.09403110471026738,-0.015427680805388228
loose_curve,speed_curve_matched,lat_accel_rms_mps2,C-minus-A,9|-2,2,2,2.0,0.15728086755078188,0.18624324197300515,0.02896237442222327
loose_curve,speed_curve_matched,lat_accel_rms_mps2,C-minus-A,9|-3,3,1,1.0,0.13548607691319603,0.08194482903744552,-0.053541247875750514
loose_curve,speed_curve_matched,lat_accel_rms_mps2,C-minus-A,9|0,3,2,2.0,0.24771827561337326,0.15760705183219945,-0.09011122378117381
loose_curve,speed_curve_matched,cmd_curv_rms_1pm,C-minus-A,10|-1,9,1,1.0,1.4544419289809063,1.34489435464663,-0.1095475743342762
loose_curve,speed_curve_matched,cmd_curv_rms_1pm,C-minus-A,11|-1,1,4,1.0,0.6074025538324727,0.9004632758047912,0.2930607219723186
loose_curve,speed_curve_matched,cmd_curv_rms_1pm,C-minus-A,8|-1,8,4,4.0,2.27433118710608,1.6548252316128282,-0.6195059554932518
loose_curve,speed_curve_matched,cmd_curv_rms_1pm,C-minus-A,8|-2,4,1,1.0,2.7991904454289127,1.6287892220255058,-1.170401223403407
loose_curve,speed_curve_matched,cmd_curv_rms_1pm,C-minus-A,9|-1,8,4,4.0,1.890507186033314,1.9438258879076598,0.05331870187434573
loose_curve,speed_curve_matched,cmd_curv_rms_1pm,C-minus-A,9|-2,2,2,2.0,2.4238729730879354,3.7952281360029834,1.371355162915048
loose_curve,speed_curve_matched,cmd_curv_rms_1pm,C-minus-A,9|-3,3,1,1.0,1.6006505654023915,1.5336598889840398,-0.06699067641835166
loose_curve,speed_curve_matched,cmd_curv_rms_1pm,C-minus-A,9|0,3,2,2.0,4.386279170971955,4.749486490111268,0.36320731913931326
loose_curve,speed_curve_matched,desired_curv_rms_1pm,C-minus-A,10|-1,9,1,1.0,1.4544062229458508,1.3448987794527187,-0.10950744349313202
loose_curve,speed_curve_matched,desired_curv_rms_1pm,C-minus-A,11|-1,1,4,1.0,0.6073372847971569,0.9004682430691673,0.2931309582720104
loose_curve,speed_curve_matched,desired_curv_rms_1pm,C-minus-A,8|-1,8,4,4.0,2.2744249043704654,1.6549225905699019,-0.6195023138005635
loose_curve,speed_curve_matched,desired_curv_rms_1pm,C-minus-A,8|-2,4,1,1.0,2.7992835608627353,1.6287892222001457,-1.1704943386625897
loose_curve,speed_curve_matched,desired_curv_rms_1pm,C-minus-A,9|-1,8,4,4.0,1.8904456198206807,1.943835691298292,0.05339007147761121
loose_curve,speed_curve_matched,desired_curv_rms_1pm,C-minus-A,9|-2,2,2,2.0,2.423870128768835,3.7954341732626284,1.3715640444937933
loose_curve,speed_curve_matched,desired_curv_rms_1pm,C-minus-A,9|-3,3,1,1.0,1.6006338648015517,1.533659876285025,-0.06697398851652658
loose_curve,speed_curve_matched,desired_curv_rms_1pm,C-minus-A,9|0,3,2,2.0,4.386268553950671,4.749450110756188,0.36318155680551634
loose_curve,gps_speed_curve_matched,steer_rms_deg,C-minus-A,-8|-1|9|-3,1,1,1.0,0.6159813290526226,0.6290222144733536,0.013040885420731008
loose_curve,gps_speed_curve_matched,steer_rms_deg,C-minus-A,-9|-1|9|-1,1,1,1.0,0.937335729301459,0.6926921432943297,-0.24464358600712932
loose_curve,gps_speed_curve_matched,steer_rms_deg,C-minus-A,3|-1|9|-2,1,1,1.0,1.3881143150001747,1.9736020620236578,0.5854877470234832
loose_curve,gps_speed_curve_matched,steer_rms_deg,C-minus-A,3|-1|9|0,1,1,1.0,1.9436729436166096,1.4981627301966551,-0.44551021341995445
loose_curve,gps_speed_curve_matched,actual_curv_rms_1pm,C-minus-A,-8|-1|9|-3,1,1,1.0,1.581135696226174,1.5807688139758729,-0.000366882250301126
loose_curve,gps_speed_curve_matched,actual_curv_rms_1pm,C-minus-A,-9|-1|9|-1,1,1,1.0,2.3015880465022787,1.7407774117020287,-0.56081063480025
loose_curve,gps_speed_curve_matched,actual_curv_rms_1pm,C-minus-A,3|-1|9|-2,1,1,1.0,3.611739834047642,5.179158326980135,1.5674184929324926
loose_curve,gps_speed_curve_matched,actual_curv_rms_1pm,C-minus-A,3|-1|9|0,1,1,1.0,5.07913299736738,4.0114669927034585,-1.0676660046639217
loose_curve,gps_speed_curve_matched,lat_accel_rms_mps2,C-minus-A,-8|-1|9|-3,1,1,1.0,0.08718778532608315,0.08194482903744552,-0.005242956288637635
loose_curve,gps_speed_curve_matched,lat_accel_rms_mps2,C-minus-A,-9|-1|9|-1,1,1,1.0,0.12906307870562447,0.09460090112596795,-0.03446217757965653
loose_curve,gps_speed_curve_matched,lat_accel_rms_mps2,C-minus-A,3|-1|9|-2,1,1,1.0,0.2058983583434612,0.2880558070416801,0.0821574486982189
loose_curve,gps_speed_curve_matched,lat_accel_rms_mps2,C-minus-A,3|-1|9|0,1,1,1.0,0.29528863725208676,0.22542490251106018,-0.06986373474102658
loose_curve,gps_speed_curve_matched,cmd_curv_rms_1pm,C-minus-A,-8|-1|9|-3,1,1,1.0,1.481213857387025,1.5336598889840398,0.052446031597014775
loose_curve,gps_speed_curve_matched,cmd_curv_rms_1pm,C-minus-A,-9|-1|9|-1,1,1,1.0,1.9055731658779653,1.6596867055811257,-0.24588646029683958
loose_curve,gps_speed_curve_matched,cmd_curv_rms_1pm,C-minus-A,3|-1|9|-2,1,1,1.0,3.1994832004034217,6.271170408944849,3.0716872085414275
loose_curve,gps_speed_curve_matched,cmd_curv_rms_1pm,C-minus-A,3|-1|9|0,1,1,1.0,4.7321590395111155,4.4766744271957695,-0.255484612315346
loose_curve,gps_speed_curve_matched,desired_curv_rms_1pm,C-minus-A,-8|-1|9|-3,1,1,1.0,1.481359493303148,1.533659876285025,0.052300382981877114
loose_curve,gps_speed_curve_matched,desired_curv_rms_1pm,C-minus-A,-9|-1|9|-1,1,1,1.0,1.9055321290726863,1.659685074343793,-0.24584705472889334
loose_curve,gps_speed_curve_matched,desired_curv_rms_1pm,C-minus-A,3|-1|9|-2,1,1,1.0,3.1994740199457707,6.271582416731102,3.072108396785331
loose_curve,gps_speed_curve_matched,desired_curv_rms_1pm,C-minus-A,3|-1|9|0,1,1,1.0,4.732192228365042,4.4766584265699185,-0.2555338017951234
loose_curve,speed_curve_matched,steer_rms_deg,C-minus-B,10|-1,3,1,1.0,0.884118838989439,0.6382661406889014,-0.24585269830053758
loose_curve,speed_curve_matched,steer_rms_deg,C-minus-B,11|-1,3,4,3.0,0.6169859296524867,0.46739422532719666,-0.14959170432529
loose_curve,speed_curve_matched,steer_rms_deg,C-minus-B,11|-2,1,1,1.0,0.5752798319768173,0.5854769588208085,0.010197126843991211
loose_curve,speed_curve_matched,steer_rms_deg,C-minus-B,11|0,2,2,2.0,0.513849626163777,0.41461111298657743,-0.09923851317719962
loose_curve,speed_curve_matched,actual_curv_rms_1pm,C-minus-B,10|-1,3,1,1.0,1.9523670167995586,1.5611512820800684,-0.3912157347194902
loose_curve,speed_curve_matched,actual_curv_rms_1pm,C-minus-B,11|-1,3,4,3.0,1.2213005120051372,0.9428248270347939,-0.27847568497034336
loose_curve,speed_curve_matched,actual_curv_rms_1pm,C-minus-B,11|-2,1,1,1.0,1.2762214739022173,1.2685574304961869,-0.007664043406030441
loose_curve,speed_curve_matched,actual_curv_rms_1pm,C-minus-B,11|0,2,2,2.0,1.0782899928412217,0.8911235078309718,-0.1871664850102499
loose_curve,speed_curve_matched,lat_accel_rms_mps2,C-minus-B,10|-1,3,1,1.0,0.14623858765988937,0.09359731947684712,-0.05264126818304225
loose_curve,speed_curve_matched,lat_accel_rms_mps2,C-minus-B,11|-1,3,4,3.0,0.08851258611980513,0.07442634416182697,-0.014086241957978154
loose_curve,speed_curve_matched,lat_accel_rms_mps2,C-minus-B,11|-2,1,1,1.0,0.09960847584203744,0.10105189492703251,0.0014434190849950679
loose_curve,speed_curve_matched,lat_accel_rms_mps2,C-minus-B,11|0,2,2,2.0,0.08284393076879704,0.0709603369080216,-0.011883593860775435
loose_curve,speed_curve_matched,cmd_curv_rms_1pm,C-minus-B,10|-1,3,1,1.0,1.8001665319598001,1.34489435464663,-0.45527217731317005
loose_curve,speed_curve_matched,cmd_curv_rms_1pm,C-minus-B,11|-1,3,4,3.0,1.1400887712341419,0.9004632758047912,-0.23962549542935063
loose_curve,speed_curve_matched,cmd_curv_rms_1pm,C-minus-B,11|-2,1,1,1.0,1.109094970498639,1.255571505665018,0.14647653516637904
loose_curve,speed_curve_matched,cmd_curv_rms_1pm,C-minus-B,11|0,2,2,2.0,1.198887598637018,0.8686463989863001,-0.33024119965071785
loose_curve,speed_curve_matched,desired_curv_rms_1pm,C-minus-B,10|-1,3,1,1.0,1.8000910624590516,1.3448987794527187,-0.45519228300633285
loose_curve,speed_curve_matched,desired_curv_rms_1pm,C-minus-B,11|-1,3,4,3.0,1.1401144417130875,0.9004682430691673,-0.23964619864392023
loose_curve,speed_curve_matched,desired_curv_rms_1pm,C-minus-B,11|-2,1,1,1.0,1.1090599255487132,1.255592245906648,0.14653232035793473
loose_curve,speed_curve_matched,desired_curv_rms_1pm,C-minus-B,11|0,2,2,2.0,1.198904987646425,0.8685652935461009,-0.33033969410032415
loose_curve,gps_speed_curve_matched,steer_rms_deg,C-minus-B,-5|-1|11|-1,1,1,1.0,0.5682120248265338,0.4454483404508042,-0.12276368437572954
loose_curve,gps_speed_curve_matched,steer_rms_deg,C-minus-B,-7|-1|11|0,1,1,1.0,0.5068971674411765,0.39753082872464884,-0.10936633871652768
loose_curve,gps_speed_curve_matched,steer_rms_deg,C-minus-B,-8|-1|11|0,1,1,1.0,0.5208020848863776,0.431691397248506,-0.08911068763787156
loose_curve,gps_speed_curve_matched,actual_curv_rms_1pm,C-minus-B,-5|-1|11|-1,1,1,1.0,1.147361774344838,0.8754717914770443,-0.27188998286779376
loose_curve,gps_speed_curve_matched,actual_curv_rms_1pm,C-minus-B,-7|-1|11|0,1,1,1.0,1.125662748968462,0.8542909310614474,-0.2713718179070147
loose_curve,gps_speed_curve_matched,actual_curv_rms_1pm,C-minus-B,-8|-1|11|0,1,1,1.0,1.0309172367139814,0.9279560846004963,-0.10296115211348511
loose_curve,gps_speed_curve_matched,lat_accel_rms_mps2,C-minus-B,-5|-1|11|-1,1,1,1.0,0.08645336578315796,0.06949190654553726,-0.0169614592376207
loose_curve,gps_speed_curve_matched,lat_accel_rms_mps2,C-minus-B,-7|-1|11|0,1,1,1.0,0.08634648096344713,0.0682226215149724,-0.018123859448474736
loose_curve,gps_speed_curve_matched,lat_accel_rms_mps2,C-minus-B,-8|-1|11|0,1,1,1.0,0.07934138057414696,0.07369805230107081,-0.005643328273076148
loose_curve,gps_speed_curve_matched,cmd_curv_rms_1pm,C-minus-B,-5|-1|11|-1,1,1,1.0,1.1400887712341419,0.8547808549822951,-0.2853079162518468
loose_curve,gps_speed_curve_matched,cmd_curv_rms_1pm,C-minus-B,-7|-1|11|0,1,1,1.0,1.1312028300133612,0.7947097623024592,-0.33649306771090204
loose_curve,gps_speed_curve_matched,cmd_curv_rms_1pm,C-minus-B,-8|-1|11|0,1,1,1.0,1.2665723672606748,0.9425830356701411,-0.32398933159053367
loose_curve,gps_speed_curve_matched,desired_curv_rms_1pm,C-minus-B,-5|-1|11|-1,1,1,1.0,1.1401144417130875,0.8547822794206187,-0.2853321622924688
loose_curve,gps_speed_curve_matched,desired_curv_rms_1pm,C-minus-B,-7|-1|11|0,1,1,1.0,1.131206979654075,0.7947033178205826,-0.33650366183349234
loose_curve,gps_speed_curve_matched,desired_curv_rms_1pm,C-minus-B,-8|-1|11|0,1,1,1.0,1.2666029956387752,0.9424272692716192,-0.32417572636715597
lower_speed,speed_curve_matched,steer_rms_deg,B-minus-A,10|-1,9,5,5.0,0.7289363713245116,0.8507330522940119,0.12179668096950025
lower_speed,speed_curve_matched,steer_rms_deg,B-minus-A,10|0,4,1,1.0,0.5705821871415466,1.700209132194888,1.1296269450533414
lower_speed,speed_curve_matched,steer_rms_deg,B-minus-A,11|-1,1,3,1.0,0.3602472087374548,0.6169859296524867,0.25673872091503186
lower_speed,speed_curve_matched,steer_rms_deg,B-minus-A,8|-1,9,1,1.0,1.020024682040969,1.039493955637849,0.01946927359688
lower_speed,speed_curve_matched,actual_curv_rms_1pm,B-minus-A,10|-1,9,5,5.0,1.721928970675317,1.9523670167995586,0.23043804612424168
lower_speed,speed_curve_matched,actual_curv_rms_1pm,B-minus-A,10|0,4,1,1.0,1.2836066493438822,4.605451987537245,3.321845338193363
lower_speed,speed_curve_matched,actual_curv_rms_1pm,B-minus-A,11|-1,1,3,1.0,0.8082212688151104,1.2213005120051372,0.41307924319002687
lower_speed,speed_curve_matched,actual_curv_rms_1pm,B-minus-A,8|-1,9,1,1.0,2.5724311902175763,2.5419078874101957,-0.03052330280738058
lower_speed,speed_curve_matched,lat_accel_rms_mps2,B-minus-A,10|-1,9,5,5.0,0.10582818667494036,0.14273583143674012,0.036907644761799765
lower_speed,speed_curve_matched,lat_accel_rms_mps2,B-minus-A,10|0,4,1,1.0,0.08892443141371945,0.2707486246905078,0.18182419327678837
lower_speed,speed_curve_matched,lat_accel_rms_mps2,B-minus-A,11|-1,1,3,1.0,0.06948825194792417,0.08851258611980513,0.019024334171880958
lower_speed,speed_curve_matched,lat_accel_rms_mps2,B-minus-A,8|-1,9,1,1.0,0.11704989872598826,0.11236332637273659,-0.004686572353251664
lower_speed,speed_curve_matched,cmd_curv_rms_1pm,B-minus-A,10|-1,9,5,5.0,1.5733250989047678,1.8001665319598001,0.22684143305503235
lower_speed,speed_curve_matched,cmd_curv_rms_1pm,B-minus-A,10|0,4,1,1.0,1.0440700199681126,4.295630617480189,3.2515605975120763
lower_speed,speed_curve_matched,cmd_curv_rms_1pm,B-minus-A,11|-1,1,3,1.0,0.6074025538324727,1.1400887712341419,0.5326862174016692
lower_speed,speed_curve_matched,cmd_curv_rms_1pm,B-minus-A,8|-1,9,1,1.0,2.319226393325798,2.532650851768528,0.21342445844272984
lower_speed,speed_curve_matched,desired_curv_rms_1pm,B-minus-A,10|-1,9,5,5.0,1.573352349849166,1.8000910624590516,0.22673871260988565
lower_speed,speed_curve_matched,desired_curv_rms_1pm,B-minus-A,10|0,4,1,1.0,1.0439664004734683,4.295891035017371,3.251924634543903
lower_speed,speed_curve_matched,desired_curv_rms_1pm,B-minus-A,11|-1,1,3,1.0,0.6073372847971569,1.1401144417130875,0.5327771569159306
lower_speed,speed_curve_matched,desired_curv_rms_1pm,B-minus-A,8|-1,9,1,1.0,2.31923534151509,2.5326587922076045,0.21342345069251456
lower_speed,gps_speed_curve_matched,steer_rms_deg,B-minus-A,-1|0|10|-1,1,1,1.0,0.5765562544889794,0.6452871178601943,0.06873086337121492
lower_speed,gps_speed_curve_matched,steer_rms_deg,B-minus-A,-6|-1|10|-1,1,1,1.0,0.7085352285451502,0.884118838989439,0.17558361044428883
lower_speed,gps_speed_curve_matched,steer_rms_deg,B-minus-A,-9|-1|10|-1,2,1,1.0,0.8540616889599231,0.739736467201132,-0.11432522175879112
lower_speed,gps_speed_curve_matched,actual_curv_rms_1pm,B-minus-A,-1|0|10|-1,1,1,1.0,1.2277635375348153,1.5788621036380643,0.3510985661032491
lower_speed,gps_speed_curve_matched,actual_curv_rms_1pm,B-minus-A,-6|-1|10|-1,1,1,1.0,1.721928970675317,1.916736716974924,0.19480774629960718
lower_speed,gps_speed_curve_matched,actual_curv_rms_1pm,B-minus-A,-9|-1|10|-1,2,1,1.0,1.9788225047491927,1.9523670167995586,-0.02645548794963415
lower_speed,gps_speed_curve_matched,lat_accel_rms_mps2,B-minus-A,-1|0|10|-1,1,1,1.0,0.07970364395873616,0.08629228584175998,0.006588641883023813
lower_speed,gps_speed_curve_matched,lat_accel_rms_mps2,B-minus-A,-6|-1|10|-1,1,1,1.0,0.10493505216512984,0.13389392886118967,0.02895887669605983
lower_speed,gps_speed_curve_matched,lat_accel_rms_mps2,B-minus-A,-9|-1|10|-1,2,1,1.0,0.1260743843309497,0.14623858765988937,0.020164203328939673
lower_speed,gps_speed_curve_matched,cmd_curv_rms_1pm,B-minus-A,-1|0|10|-1,1,1,1.0,1.1251114119923886,1.5888267006204169,0.46371528862802824
lower_speed,gps_speed_curve_matched,cmd_curv_rms_1pm,B-minus-A,-6|-1|10|-1,1,1,1.0,1.5880512448265405,1.8001665319598001,0.21211528713325967
lower_speed,gps_speed_curve_matched,cmd_curv_rms_1pm,B-minus-A,-9|-1|10|-1,2,1,1.0,1.7169438053815385,1.58566703929724,-0.1312767660842984
lower_speed,gps_speed_curve_matched,desired_curv_rms_1pm,B-minus-A,-1|0|10|-1,1,1,1.0,1.1251041594394957,1.5888454518608937,0.46374129242139794
lower_speed,gps_speed_curve_matched,desired_curv_rms_1pm,B-minus-A,-6|-1|10|-1,1,1,1.0,1.588014034800937,1.8000910624590516,0.21207702765811454
lower_speed,gps_speed_curve_matched,desired_curv_rms_1pm,B-minus-A,-9|-1|10|-1,2,1,1.0,1.7169602920958207,1.5857138358960867,-0.13124645619973396
lower_speed,speed_curve_matched,steer_rms_deg,C-minus-A,10|-1,9,1,1.0,0.7289363713245116,0.6371664048308828,-0.09176996649362879
lower_speed,speed_curve_matched,steer_rms_deg,C-minus-A,11|-1,1,4,1.0,0.3602472087374548,0.46739422532719666,0.10714701658974185
lower_speed,speed_curve_matched,steer_rms_deg,C-minus-A,7|-2,1,3,1.0,1.9558453524860784,1.284281845252659,-0.6715635072334194
lower_speed,speed_curve_matched,steer_rms_deg,C-minus-A,8|-1,9,5,5.0,1.020024682040969,0.7230744206298197,-0.29695026141114933
lower_speed,speed_curve_matched,steer_rms_deg,C-minus-A,8|-2,5,3,3.0,1.1428943452769709,0.6955323568406594,-0.4473619884363115
lower_speed,speed_curve_matched,steer_rms_deg,C-minus-A,9|-1,6,5,5.0,0.7543300749021062,0.760944551087849,0.006614476185742735
lower_speed,speed_curve_matched,steer_rms_deg,C-minus-A,9|-2,4,2,2.0,0.8796863953536392,1.295373176136943,0.4156867807833037
lower_speed,speed_curve_matched,steer_rms_deg,C-minus-A,9|-3,1,1,1.0,0.6159813290526226,0.6290222144733536,0.013040885420731008
lower_speed,speed_curve_matched,steer_rms_deg,C-minus-A,9|0,3,2,2.0,1.7045954079206842,1.516234465775943,-0.1883609421447412
lower_speed,speed_curve_matched,actual_curv_rms_1pm,C-minus-A,10|-1,9,1,1.0,1.721928970675317,1.5569472156677204,-0.1649817550075965
lower_speed,speed_curve_matched,actual_curv_rms_1pm,C-minus-A,11|-1,1,4,1.0,0.8082212688151104,0.9428248270347939,0.1346035582196835
lower_speed,speed_curve_matched,actual_curv_rms_1pm,C-minus-A,7|-2,1,3,1.0,5.194278465344449,3.560852762130697,-1.633425703213752
lower_speed,speed_curve_matched,actual_curv_rms_1pm,C-minus-A,8|-1,9,5,5.0,2.5724311902175763,1.8631173295968035,-0.7093138606207727
lower_speed,speed_curve_matched,actual_curv_rms_1pm,C-minus-A,8|-2,5,3,3.0,2.9000567152669885,1.8007923648663329,-1.0992643504006556
lower_speed,speed_curve_matched,actual_curv_rms_1pm,C-minus-A,9|-1,6,5,5.0,1.9322806178122451,1.8712575116586498,-0.0610231061535953
lower_speed,speed_curve_matched,actual_curv_rms_1pm,C-minus-A,9|-2,4,2,2.0,2.1897951735177466,3.333363969294077,1.1435687957763303
lower_speed,speed_curve_matched,actual_curv_rms_1pm,C-minus-A,9|-3,1,1,1.0,1.581135696226174,1.5807688139758729,-0.000366882250301126
lower_speed,speed_curve_matched,actual_curv_rms_1pm,C-minus-A,9|0,3,2,2.0,4.83003350923685,2.80973657358083,-2.0202969356560203
lower_speed,speed_curve_matched,lat_accel_rms_mps2,C-minus-A,10|-1,9,1,1.0,0.10582818667494036,0.09313647549027337,-0.012691711184666984
lower_speed,speed_curve_matched,lat_accel_rms_mps2,C-minus-A,11|-1,1,4,1.0,0.06948825194792417,0.07442634416182697,0.004938092213902803
lower_speed,speed_curve_matched,lat_accel_rms_mps2,C-minus-A,7|-2,1,3,1.0,0.1986699998722088,0.11486195591344117,-0.08380804395876762
lower_speed,speed_curve_matched,lat_accel_rms_mps2,C-minus-A,8|-1,9,5,5.0,0.11704989872598826,0.07254631019797475,-0.044503588528013505
lower_speed,speed_curve_matched,lat_accel_rms_mps2,C-minus-A,8|-2,5,3,3.0,0.1279647672682887,0.07708036417931818,-0.05088440308897052
lower_speed,speed_curve_matched,lat_accel_rms_mps2,C-minus-A,9|-1,6,5,5.0,0.09979009578418396,0.09460090112596795,-0.0051891946582160176
lower_speed,speed_curve_matched,lat_accel_rms_mps2,C-minus-A,9|-2,4,2,2.0,0.11978793712392334,0.18624324197300515,0.06645530484908181
lower_speed,speed_curve_matched,lat_accel_rms_mps2,C-minus-A,9|-3,1,1,1.0,0.08718778532608315,0.08194482903744552,-0.005242956288637635
lower_speed,speed_curve_matched,lat_accel_rms_mps2,C-minus-A,9|0,3,2,2.0,0.24771827561337326,0.15760705183219945,-0.09011122378117381
lower_speed,speed_curve_matched,cmd_curv_rms_1pm,C-minus-A,10|-1,9,1,1.0,1.5733250989047678,1.3367549074018272,-0.23657019150294056
lower_speed,speed_curve_matched,cmd_curv_rms_1pm,C-minus-A,11|-1,1,4,1.0,0.6074025538324727,0.9004632758047912,0.2930607219723186
lower_speed,speed_curve_matched,cmd_curv_rms_1pm,C-minus-A,7|-2,1,3,1.0,4.3422912814449095,3.349568355182744,-0.9927229262621653
lower_speed,speed_curve_matched,cmd_curv_rms_1pm,C-minus-A,8|-1,9,5,5.0,2.319226393325798,2.0200145904368445,-0.29921180288895366
lower_speed,speed_curve_matched,cmd_curv_rms_1pm,C-minus-A,8|-2,5,3,3.0,2.553576892390271,1.7696738662565807,-0.7839030261336903
lower_speed,speed_curve_matched,cmd_curv_rms_1pm,C-minus-A,9|-1,6,5,5.0,1.6939251124925074,1.9730911146156966,0.2791660021231892
lower_speed,speed_curve_matched,cmd_curv_rms_1pm,C-minus-A,9|-2,4,2,2.0,1.873052005960429,3.7952281360029834,1.9221761300425544
lower_speed,speed_curve_matched,cmd_curv_rms_1pm,C-minus-A,9|-3,1,1,1.0,1.481213857387025,1.5336598889840398,0.052446031597014775
lower_speed,speed_curve_matched,cmd_curv_rms_1pm,C-minus-A,9|0,3,2,2.0,4.386279170971955,4.749486490111268,0.36320731913931326
lower_speed,speed_curve_matched,desired_curv_rms_1pm,C-minus-A,10|-1,9,1,1.0,1.573352349849166,1.3367593000747313,-0.23659304977443463
lower_speed,speed_curve_matched,desired_curv_rms_1pm,C-minus-A,11|-1,1,4,1.0,0.6073372847971569,0.9004682430691673,0.2931309582720104
lower_speed,speed_curve_matched,desired_curv_rms_1pm,C-minus-A,7|-2,1,3,1.0,4.342093034896757,3.3497117146791964,-0.9923813202175604
lower_speed,speed_curve_matched,desired_curv_rms_1pm,C-minus-A,8|-1,9,5,5.0,2.31923534151509,2.019929663967192,-0.2993056775478977
lower_speed,speed_curve_matched,desired_curv_rms_1pm,C-minus-A,8|-2,5,3,3.0,2.5536956918305873,1.7697031324642956,-0.7839925593662918
lower_speed,speed_curve_matched,desired_curv_rms_1pm,C-minus-A,9|-1,6,5,5.0,1.6939577245446356,1.9730967868570002,0.2791390623123646
lower_speed,speed_curve_matched,desired_curv_rms_1pm,C-minus-A,9|-2,4,2,2.0,1.8730060742422268,3.7954341732626284,1.9224280990204017
lower_speed,speed_curve_matched,desired_curv_rms_1pm,C-minus-A,9|-3,1,1,1.0,1.481359493303148,1.533659876285025,0.052300382981877114
lower_speed,speed_curve_matched,desired_curv_rms_1pm,C-minus-A,9|0,3,2,2.0,4.386268553950671,4.749450110756188,0.36318155680551634
lower_speed,gps_speed_curve_matched,steer_rms_deg,C-minus-A,-5|-1|8|-1,2,1,1.0,1.1912939459056024,0.47314103003170266,-0.7181529158738997
lower_speed,gps_speed_curve_matched,steer_rms_deg,C-minus-A,-8|-1|9|-3,1,1,1.0,0.6159813290526226,0.6290222144733536,0.013040885420731008
lower_speed,gps_speed_curve_matched,steer_rms_deg,C-minus-A,-9|-1|9|-1,1,1,1.0,0.937335729301459,0.6926921432943297,-0.24464358600712932
lower_speed,gps_speed_curve_matched,steer_rms_deg,C-minus-A,3|-1|9|-2,1,1,1.0,1.2371691554056006,1.9736020620236578,0.7364329066180573
lower_speed,gps_speed_curve_matched,steer_rms_deg,C-minus-A,3|-1|9|0,1,1,1.0,1.9436729436166096,1.4981627301966551,-0.44551021341995445
lower_speed,gps_speed_curve_matched,actual_curv_rms_1pm,C-minus-A,-5|-1|8|-1,2,1,1.0,3.114377938191949,1.2783618481067747,-1.8360160900851745
lower_speed,gps_speed_curve_matched,actual_curv_rms_1pm,C-minus-A,-8|-1|9|-3,1,1,1.0,1.581135696226174,1.5807688139758729,-0.000366882250301126
lower_speed,gps_speed_curve_matched,actual_curv_rms_1pm,C-minus-A,-9|-1|9|-1,1,1,1.0,2.3015880465022787,1.7407774117020287,-0.56081063480025
lower_speed,gps_speed_curve_matched,actual_curv_rms_1pm,C-minus-A,3|-1|9|-2,1,1,1.0,3.234818119441657,5.179158326980135,1.9443402075384775
lower_speed,gps_speed_curve_matched,actual_curv_rms_1pm,C-minus-A,3|-1|9|0,1,1,1.0,5.07913299736738,4.0114669927034585,-1.0676660046639217
lower_speed,gps_speed_curve_matched,lat_accel_rms_mps2,C-minus-A,-5|-1|8|-1,2,1,1.0,0.13298121307729843,0.05073520517613896,-0.08224600790115946
lower_speed,gps_speed_curve_matched,lat_accel_rms_mps2,C-minus-A,-8|-1|9|-3,1,1,1.0,0.08718778532608315,0.08194482903744552,-0.005242956288637635
lower_speed,gps_speed_curve_matched,lat_accel_rms_mps2,C-minus-A,-9|-1|9|-1,1,1,1.0,0.12906307870562447,0.09460090112596795,-0.03446217757965653
lower_speed,gps_speed_curve_matched,lat_accel_rms_mps2,C-minus-A,3|-1|9|-2,1,1,1.0,0.18443223740349843,0.2880558070416801,0.10362356963818167
lower_speed,gps_speed_curve_matched,lat_accel_rms_mps2,C-minus-A,3|-1|9|0,1,1,1.0,0.29528863725208676,0.22542490251106018,-0.06986373474102658
lower_speed,gps_speed_curve_matched,cmd_curv_rms_1pm,C-minus-A,-5|-1|8|-1,2,1,1.0,3.0246267181310182,1.597128586058112,-1.4274981320729063
lower_speed,gps_speed_curve_matched,cmd_curv_rms_1pm,C-minus-A,-8|-1|9|-3,1,1,1.0,1.481213857387025,1.5336598889840398,0.052446031597014775
lower_speed,gps_speed_curve_matched,cmd_curv_rms_1pm,C-minus-A,-9|-1|9|-1,1,1,1.0,1.9055731658779653,1.6596867055811257,-0.24588646029683958
lower_speed,gps_speed_curve_matched,cmd_curv_rms_1pm,C-minus-A,3|-1|9|-2,1,1,1.0,2.953884548160206,6.271170408944849,3.317285860784643
lower_speed,gps_speed_curve_matched,cmd_curv_rms_1pm,C-minus-A,3|-1|9|0,1,1,1.0,4.7321590395111155,4.4766744271957695,-0.255484612315346
lower_speed,gps_speed_curve_matched,desired_curv_rms_1pm,C-minus-A,-5|-1|8|-1,2,1,1.0,3.0246646732132705,1.5971283400679515,-1.427536333145319
lower_speed,gps_speed_curve_matched,desired_curv_rms_1pm,C-minus-A,-8|-1|9|-3,1,1,1.0,1.481359493303148,1.533659876285025,0.052300382981877114
lower_speed,gps_speed_curve_matched,desired_curv_rms_1pm,C-minus-A,-9|-1|9|-1,1,1,1.0,1.9055321290726863,1.659685074343793,-0.24584705472889334
lower_speed,gps_speed_curve_matched,desired_curv_rms_1pm,C-minus-A,3|-1|9|-2,1,1,1.0,2.9538735516897754,6.271582416731102,3.3177088650413262
lower_speed,gps_speed_curve_matched,desired_curv_rms_1pm,C-minus-A,3|-1|9|0,1,1,1.0,4.732192228365042,4.4766584265699185,-0.2555338017951234
lower_speed,speed_curve_matched,steer_rms_deg,C-minus-B,10|-1,5,1,1.0,0.8507330522940119,0.6371664048308828,-0.21356664746312903
lower_speed,speed_curve_matched,steer_rms_deg,C-minus-B,11|-1,3,4,3.0,0.6169859296524867,0.46739422532719666,-0.14959170432529
lower_speed,speed_curve_matched,steer_rms_deg,C-minus-B,11|-2,1,1,1.0,0.5752798319768173,0.5854769588208085,0.010197126843991211
lower_speed,speed_curve_matched,steer_rms_deg,C-minus-B,11|0,2,2,2.0,0.513849626163777,0.41461111298657743,-0.09923851317719962
lower_speed,speed_curve_matched,steer_rms_deg,C-minus-B,8|-1,1,5,1.0,1.039493955637849,0.7230744206298197,-0.31641953500802933
lower_speed,speed_curve_matched,actual_curv_rms_1pm,C-minus-B,10|-1,5,1,1.0,1.9523670167995586,1.5569472156677204,-0.39541980113183817
lower_speed,speed_curve_matched,actual_curv_rms_1pm,C-minus-B,11|-1,3,4,3.0,1.2213005120051372,0.9428248270347939,-0.27847568497034336
lower_speed,speed_curve_matched,actual_curv_rms_1pm,C-minus-B,11|-2,1,1,1.0,1.2762214739022173,1.2685574304961869,-0.007664043406030441
lower_speed,speed_curve_matched,actual_curv_rms_1pm,C-minus-B,11|0,2,2,2.0,1.0782899928412217,0.8911235078309718,-0.1871664850102499
lower_speed,speed_curve_matched,actual_curv_rms_1pm,C-minus-B,8|-1,1,5,1.0,2.5419078874101957,1.8631173295968035,-0.6787905578133921
lower_speed,speed_curve_matched,lat_accel_rms_mps2,C-minus-B,10|-1,5,1,1.0,0.14273583143674012,0.09313647549027337,-0.04959935594646675
lower_speed,speed_curve_matched,lat_accel_rms_mps2,C-minus-B,11|-1,3,4,3.0,0.08851258611980513,0.07442634416182697,-0.014086241957978154
lower_speed,speed_curve_matched,lat_accel_rms_mps2,C-minus-B,11|-2,1,1,1.0,0.09960847584203744,0.10105189492703251,0.0014434190849950679
lower_speed,speed_curve_matched,lat_accel_rms_mps2,C-minus-B,11|0,2,2,2.0,0.08284393076879704,0.0709603369080216,-0.011883593860775435
lower_speed,speed_curve_matched,lat_accel_rms_mps2,C-minus-B,8|-1,1,5,1.0,0.11236332637273659,0.07254631019797475,-0.03981701617476184
lower_speed,speed_curve_matched,cmd_curv_rms_1pm,C-minus-B,10|-1,5,1,1.0,1.8001665319598001,1.3367549074018272,-0.4634116245579729
lower_speed,speed_curve_matched,cmd_curv_rms_1pm,C-minus-B,11|-1,3,4,3.0,1.1400887712341419,0.9004632758047912,-0.23962549542935063
lower_speed,speed_curve_matched,cmd_curv_rms_1pm,C-minus-B,11|-2,1,1,1.0,1.109094970498639,1.255571505665018,0.14647653516637904
lower_speed,speed_curve_matched,cmd_curv_rms_1pm,C-minus-B,11|0,2,2,2.0,1.198887598637018,0.8686463989863001,-0.33024119965071785
lower_speed,speed_curve_matched,cmd_curv_rms_1pm,C-minus-B,8|-1,1,5,1.0,2.532650851768528,2.0200145904368445,-0.5126362613316835
lower_speed,speed_curve_matched,desired_curv_rms_1pm,C-minus-B,10|-1,5,1,1.0,1.8000910624590516,1.3367593000747313,-0.4633317623843203
lower_speed,speed_curve_matched,desired_curv_rms_1pm,C-minus-B,11|-1,3,4,3.0,1.1401144417130875,0.9004682430691673,-0.23964619864392023
lower_speed,speed_curve_matched,desired_curv_rms_1pm,C-minus-B,11|-2,1,1,1.0,1.1090599255487132,1.255592245906648,0.14653232035793473
lower_speed,speed_curve_matched,desired_curv_rms_1pm,C-minus-B,11|0,2,2,2.0,1.198904987646425,0.8685652935461009,-0.33033969410032415
lower_speed,speed_curve_matched,desired_curv_rms_1pm,C-minus-B,8|-1,1,5,1.0,2.5326587922076045,2.019929663967192,-0.5127291282404123
lower_speed,gps_speed_curve_matched,steer_rms_deg,C-minus-B,-5|-1|11|-1,1,1,1.0,0.5682120248265338,0.4454483404508042,-0.12276368437572954
lower_speed,gps_speed_curve_matched,steer_rms_deg,C-minus-B,-7|-1|11|0,1,1,1.0,0.5068971674411765,0.39753082872464884,-0.10936633871652768
lower_speed,gps_speed_curve_matched,steer_rms_deg,C-minus-B,-8|-1|11|0,1,1,1.0,0.5208020848863776,0.431691397248506,-0.08911068763787156
lower_speed,gps_speed_curve_matched,actual_curv_rms_1pm,C-minus-B,-5|-1|11|-1,1,1,1.0,1.147361774344838,0.8754717914770443,-0.27188998286779376
lower_speed,gps_speed_curve_matched,actual_curv_rms_1pm,C-minus-B,-7|-1|11|0,1,1,1.0,1.125662748968462,0.8542909310614474,-0.2713718179070147
lower_speed,gps_speed_curve_matched,actual_curv_rms_1pm,C-minus-B,-8|-1|11|0,1,1,1.0,1.0309172367139814,0.9279560846004963,-0.10296115211348511
lower_speed,gps_speed_curve_matched,lat_accel_rms_mps2,C-minus-B,-5|-1|11|-1,1,1,1.0,0.08645336578315796,0.06949190654553726,-0.0169614592376207
lower_speed,gps_speed_curve_matched,lat_accel_rms_mps2,C-minus-B,-7|-1|11|0,1,1,1.0,0.08634648096344713,0.0682226215149724,-0.018123859448474736
lower_speed,gps_speed_curve_matched,lat_accel_rms_mps2,C-minus-B,-8|-1|11|0,1,1,1.0,0.07934138057414696,0.07369805230107081,-0.005643328273076148
lower_speed,gps_speed_curve_matched,cmd_curv_rms_1pm,C-minus-B,-5|-1|11|-1,1,1,1.0,1.1400887712341419,0.8547808549822951,-0.2853079162518468
lower_speed,gps_speed_curve_matched,cmd_curv_rms_1pm,C-minus-B,-7|-1|11|0,1,1,1.0,1.1312028300133612,0.7947097623024592,-0.33649306771090204
lower_speed,gps_speed_curve_matched,cmd_curv_rms_1pm,C-minus-B,-8|-1|11|0,1,1,1.0,1.2665723672606748,0.9425830356701411,-0.32398933159053367
lower_speed,gps_speed_curve_matched,desired_curv_rms_1pm,C-minus-B,-5|-1|11|-1,1,1,1.0,1.1401144417130875,0.8547822794206187,-0.2853321622924688
lower_speed,gps_speed_curve_matched,desired_curv_rms_1pm,C-minus-B,-7|-1|11|0,1,1,1.0,1.131206979654075,0.7947033178205826,-0.33650366183349234
lower_speed,gps_speed_curve_matched,desired_curv_rms_1pm,C-minus-B,-8|-1|11|0,1,1,1.0,1.2666029956387752,0.9424272692716192,-0.32417572636715597
narrow_band,speed_curve_matched,steer_rms_deg,B-minus-A,10|-1,9,4,4.0,0.6660993194007909,0.8357471435966726,0.16964782419588165
narrow_band,speed_curve_matched,steer_rms_deg,B-minus-A,10|0,4,1,1.0,0.5174560242055795,0.9013164973932644,0.3838604731876849
narrow_band,speed_curve_matched,steer_rms_deg,B-minus-A,11|-1,1,3,1.0,0.3366052660387966,0.5083426938818183,0.1717374278430217
narrow_band,speed_curve_matched,actual_curv_rms_1pm,B-minus-A,10|-1,9,4,4.0,1.6193832000831356,1.9835759815535834,0.36419278147044776
narrow_band,speed_curve_matched,actual_curv_rms_1pm,B-minus-A,10|0,4,1,1.0,1.155357386483303,2.370593897474803,1.2152365109914998
narrow_band,speed_curve_matched,actual_curv_rms_1pm,B-minus-A,11|-1,1,3,1.0,0.7680112621512808,0.9863443245351735,0.21833306238389272
narrow_band,speed_curve_matched,lat_accel_rms_mps2,B-minus-A,10|-1,9,4,4.0,0.10007484622804948,0.1322001600724338,0.032125313844384315
narrow_band,speed_curve_matched,lat_accel_rms_mps2,B-minus-A,10|0,4,1,1.0,0.08058169939191698,0.14835990333929902,0.06777820394738204
narrow_band,speed_curve_matched,lat_accel_rms_mps2,B-minus-A,11|-1,1,3,1.0,0.06490351661978823,0.07415199633692969,0.009248479717141461
narrow_band,speed_curve_matched,cmd_curv_rms_1pm,B-minus-A,10|-1,9,4,4.0,1.3974243923850276,2.1473964312946916,0.749972038909664
narrow_band,speed_curve_matched,cmd_curv_rms_1pm,B-minus-A,10|0,4,1,1.0,0.9633007613930575,2.837297750361975,1.8739969889689176
narrow_band,speed_curve_matched,cmd_curv_rms_1pm,B-minus-A,11|-1,1,3,1.0,0.5877397123246717,1.0285797450988698,0.44084003277419814
narrow_band,speed_curve_matched,desired_curv_rms_1pm,B-minus-A,10|-1,9,4,4.0,1.3974051343730927,2.1473016515750594,0.7498965172019667
narrow_band,speed_curve_matched,desired_curv_rms_1pm,B-minus-A,10|0,4,1,1.0,0.9632450161117221,2.8373561421414353,1.8741111260297132
narrow_band,speed_curve_matched,desired_curv_rms_1pm,B-minus-A,11|-1,1,3,1.0,0.5876925648297442,1.0285943722300452,0.44090180740030105
narrow_band,gps_speed_curve_matched,steer_rms_deg,B-minus-A,-6|-1|10|-1,1,1,1.0,0.6660993194007909,0.869348052928762,0.20324873352797113
narrow_band,gps_speed_curve_matched,steer_rms_deg,B-minus-A,-9|-1|10|-1,2,1,1.0,0.847247290426691,0.5124011173154529,-0.3348461731112381
narrow_band,gps_speed_curve_matched,actual_curv_rms_1pm,B-minus-A,-6|-1|10|-1,1,1,1.0,1.6193832000831356,1.8916832839270687,0.2723000838439331
narrow_band,gps_speed_curve_matched,actual_curv_rms_1pm,B-minus-A,-9|-1|10|-1,2,1,1.0,1.9634584857092081,1.337466211558381,-0.625992274150827
narrow_band,gps_speed_curve_matched,lat_accel_rms_mps2,B-minus-A,-6|-1|10|-1,1,1,1.0,0.10007484622804948,0.13210660198394783,0.03203175575589835
narrow_band,gps_speed_curve_matched,lat_accel_rms_mps2,B-minus-A,-9|-1|10|-1,2,1,1.0,0.12534447241689933,0.1007278042190487,-0.024616668197850633
narrow_band,gps_speed_curve_matched,cmd_curv_rms_1pm,B-minus-A,-6|-1|10|-1,1,1,1.0,1.3974243923850276,1.769501547974817,0.3720771555897895
narrow_band,gps_speed_curve_matched,cmd_curv_rms_1pm,B-minus-A,-9|-1|10|-1,2,1,1.0,1.6725568508258855,1.2402300601970715,-0.43232679062881396
narrow_band,gps_speed_curve_matched,desired_curv_rms_1pm,B-minus-A,-6|-1|10|-1,1,1,1.0,1.3974051343730927,1.7694316891416189,0.3720265547685262
narrow_band,gps_speed_curve_matched,desired_curv_rms_1pm,B-minus-A,-9|-1|10|-1,2,1,1.0,1.6725854034058547,1.2402219555993148,-0.4323634478065399
narrow_band,speed_curve_matched,steer_rms_deg,C-minus-A,10|-1,9,1,1.0,0.6660993194007909,0.5590035415694554,-0.1070957778313355
narrow_band,speed_curve_matched,steer_rms_deg,C-minus-A,11|-1,1,4,1.0,0.3366052660387966,0.4031128670141787,0.06650760097538211
narrow_band,speed_curve_matched,steer_rms_deg,C-minus-A,8|-1,8,4,4.0,0.9957381088102374,0.5637489737933561,-0.4319891350168813
narrow_band,speed_curve_matched,steer_rms_deg,C-minus-A,8|-2,4,1,1.0,1.2001412129009863,0.5775902767979018,-0.6225509361030845
narrow_band,speed_curve_matched,steer_rms_deg,C-minus-A,9|-1,7,4,4.0,0.7233926143339722,0.666634056844577,-0.05675855748939518
narrow_band,speed_curve_matched,steer_rms_deg,C-minus-A,9|-2,2,2,2.0,0.8358075624871809,1.181869291120475,0.346061728633294
narrow_band,speed_curve_matched,steer_rms_deg,C-minus-A,9|-3,2,1,1.0,0.660174933143924,0.5340125515532644,-0.1261623815906595
narrow_band,speed_curve_matched,steer_rms_deg,C-minus-A,9|0,3,2,2.0,1.3785795603557291,1.318413095066442,-0.06016646528928704
narrow_band,speed_curve_matched,actual_curv_rms_1pm,C-minus-A,10|-1,9,1,1.0,1.6193832000831356,1.441025575645752,-0.17835762443738368
narrow_band,speed_curve_matched,actual_curv_rms_1pm,C-minus-A,11|-1,1,4,1.0,0.7680112621512808,0.7870481129825515,0.019036850831270713
narrow_band,speed_curve_matched,actual_curv_rms_1pm,C-minus-A,8|-1,8,4,4.0,2.4942359582930598,1.450348860581253,-1.0438870977118069
narrow_band,speed_curve_matched,actual_curv_rms_1pm,C-minus-A,8|-2,4,1,1.0,3.0613597615463144,1.4432871791571271,-1.6180725823891873
narrow_band,speed_curve_matched,actual_curv_rms_1pm,C-minus-A,9|-1,7,4,4.0,1.7681907506873993,1.6660073939042626,-0.10218335678313673
narrow_band,speed_curve_matched,actual_curv_rms_1pm,C-minus-A,9|-2,2,2,2.0,2.129083539945298,3.0683473897938915,0.9392638498485937
narrow_band,speed_curve_matched,actual_curv_rms_1pm,C-minus-A,9|-3,2,1,1.0,1.6140497801514337,1.3405727141317667,-0.27347706601966704
narrow_band,speed_curve_matched,actual_curv_rms_1pm,C-minus-A,9|0,3,2,2.0,4.026182830046116,2.2573718313844626,-1.7688109986616531
narrow_band,speed_curve_matched,lat_accel_rms_mps2,C-minus-A,10|-1,9,1,1.0,0.10007484622804948,0.07811156741639466,-0.021963278811654816
narrow_band,speed_curve_matched,lat_accel_rms_mps2,C-minus-A,11|-1,1,4,1.0,0.06490351661978823,0.06179634703806574,-0.0031071695817224895
narrow_band,speed_curve_matched,lat_accel_rms_mps2,C-minus-A,8|-1,8,4,4.0,0.1202124082072541,0.0634904603940232,-0.056721947813230894
narrow_band,speed_curve_matched,lat_accel_rms_mps2,C-minus-A,8|-2,4,1,1.0,0.13775570005553406,0.06826574575086296,-0.0694899543046711
narrow_band,speed_curve_matched,lat_accel_rms_mps2,C-minus-A,9|-1,7,4,4.0,0.09235162679418381,0.08823429156567374,-0.004117335228510072
narrow_band,speed_curve_matched,lat_accel_rms_mps2,C-minus-A,9|-2,2,2,2.0,0.11766299044397072,0.17150473582010092,0.05384174537613021
narrow_band,speed_curve_matched,lat_accel_rms_mps2,C-minus-A,9|-3,2,1,1.0,0.10182242764787891,0.06944023216755331,-0.0323821954803256
narrow_band,speed_curve_matched,lat_accel_rms_mps2,C-minus-A,9|0,3,2,2.0,0.2062809178636042,0.12654086631562167,-0.07974005154798253
narrow_band,speed_curve_matched,cmd_curv_rms_1pm,C-minus-A,10|-1,9,1,1.0,1.3974243923850276,1.096929486063813,-0.30049490632121456
narrow_band,speed_curve_matched,cmd_curv_rms_1pm,C-minus-A,11|-1,1,4,1.0,0.5877397123246717,0.7656184026352156,0.17787869031054393
narrow_band,speed_curve_matched,cmd_curv_rms_1pm,C-minus-A,8|-1,8,4,4.0,2.2339135015345644,1.5793843443450992,-0.6545291571894651
narrow_band,speed_curve_matched,cmd_curv_rms_1pm,C-minus-A,8|-2,4,1,1.0,2.7038393761688955,1.5350933901866581,-1.1687459859822373
narrow_band,speed_curve_matched,cmd_curv_rms_1pm,C-minus-A,9|-1,7,4,4.0,1.6903975331269963,1.795379599250896,0.10498206612389982
narrow_band,speed_curve_matched,cmd_curv_rms_1pm,C-minus-A,9|-2,2,2,2.0,1.7816359762834564,3.196929742164171,1.4152937658807145
narrow_band,speed_curve_matched,cmd_curv_rms_1pm,C-minus-A,9|-3,2,1,1.0,1.4060359105525337,1.3055463043586104,-0.10048960619392333
narrow_band,speed_curve_matched,cmd_curv_rms_1pm,C-minus-A,9|0,3,2,2.0,3.4713008634254994,3.979954000269319,0.5086531368438196
narrow_band,speed_curve_matched,desired_curv_rms_1pm,C-minus-A,10|-1,9,1,1.0,1.3974051343730927,1.096932473075568,-0.3004726612975246
narrow_band,speed_curve_matched,desired_curv_rms_1pm,C-minus-A,11|-1,1,4,1.0,0.5876925648297442,0.7656279609208057,0.17793539609106146
narrow_band,speed_curve_matched,desired_curv_rms_1pm,C-minus-A,8|-1,8,4,4.0,2.23415354620091,1.57943960391863,-0.6547139422822799
narrow_band,speed_curve_matched,desired_curv_rms_1pm,C-minus-A,8|-2,4,1,1.0,2.7039525146222787,1.5350933901321158,-1.168859124490163
narrow_band,speed_curve_matched,desired_curv_rms_1pm,C-minus-A,9|-1,7,4,4.0,1.6903463846880968,1.7953866784326677,0.10504029374457091
narrow_band,speed_curve_matched,desired_curv_rms_1pm,C-minus-A,9|-2,2,2,2.0,1.7816321469844427,3.19708443571253,1.4154522887280871
narrow_band,speed_curve_matched,desired_curv_rms_1pm,C-minus-A,9|-3,2,1,1.0,1.4060948128101387,1.3055463008195283,-0.10054851199061043
narrow_band,speed_curve_matched,desired_curv_rms_1pm,C-minus-A,9|0,3,2,2.0,3.4713794414661887,3.980038262494838,0.5086588210286491
narrow_band,gps_speed_curve_matched,steer_rms_deg,C-minus-A,-8|-1|9|-3,1,1,1.0,0.5894071431329558,0.5340125515532644,-0.0553945915796914
narrow_band,gps_speed_curve_matched,steer_rms_deg,C-minus-A,-9|-1|9|-1,1,1,1.0,0.8523624597935598,0.6756648479270925,-0.17669761186646737
narrow_band,gps_speed_curve_matched,steer_rms_deg,C-minus-A,3|-1|9|-2,1,1,1.0,0.8631233199698887,1.8443519053205317,0.9812285853506431
narrow_band,gps_speed_curve_matched,steer_rms_deg,C-minus-A,3|-1|9|0,1,1,1.0,1.7355715230717934,1.2471405282644772,-0.4884309948073162
narrow_band,gps_speed_curve_matched,actual_curv_rms_1pm,C-minus-A,-8|-1|9|-3,1,1,1.0,1.520697762928234,1.3405727141317667,-0.1801250487964674
narrow_band,gps_speed_curve_matched,actual_curv_rms_1pm,C-minus-A,-9|-1|9|-1,1,1,1.0,2.084792972074463,1.7077830459055676,-0.3770099261688953
narrow_band,gps_speed_curve_matched,actual_curv_rms_1pm,C-minus-A,3|-1|9|-2,1,1,1.0,2.2928888317699063,4.8919141760025795,2.599025344232673
narrow_band,gps_speed_curve_matched,actual_curv_rms_1pm,C-minus-A,3|-1|9|0,1,1,1.0,4.434970159457607,3.2242139125768396,-1.2107562468807673
narrow_band,gps_speed_curve_matched,lat_accel_rms_mps2,C-minus-A,-8|-1|9|-3,1,1,1.0,0.08327117272484977,0.06944023216755331,-0.013830940557296459
narrow_band,gps_speed_curve_matched,lat_accel_rms_mps2,C-minus-A,-9|-1|9|-1,1,1,1.0,0.1167254100046235,0.09076841012909329,-0.025956999875530212
narrow_band,gps_speed_curve_matched,lat_accel_rms_mps2,C-minus-A,3|-1|9|-2,1,1,1.0,0.1320478154914674,0.272281515230298,0.14023369973883057
narrow_band,gps_speed_curve_matched,lat_accel_rms_mps2,C-minus-A,3|-1|9|0,1,1,1.0,0.25916556259437373,0.18419916459651198,-0.07496639799786176
narrow_band,gps_speed_curve_matched,cmd_curv_rms_1pm,C-minus-A,-8|-1|9|-3,1,1,1.0,1.3886170812381744,1.3055463043586104,-0.08307077687956399
narrow_band,gps_speed_curve_matched,cmd_curv_rms_1pm,C-minus-A,-9|-1|9|-1,1,1,1.0,1.7234738687059385,1.6132532826753854,-0.11022058603055318
narrow_band,gps_speed_curve_matched,cmd_curv_rms_1pm,C-minus-A,3|-1|9|-2,1,1,1.0,1.9796521550463,5.272021435645884,3.2923692805995843
narrow_band,gps_speed_curve_matched,cmd_curv_rms_1pm,C-minus-A,3|-1|9|0,1,1,1.0,4.16956390585888,3.5006713722918494,-0.6688925335670302
narrow_band,gps_speed_curve_matched,desired_curv_rms_1pm,C-minus-A,-8|-1|9|-3,1,1,1.0,1.3887472966744077,1.3055463008195283,-0.08320099585487939
narrow_band,gps_speed_curve_matched,desired_curv_rms_1pm,C-minus-A,-9|-1|9|-1,1,1,1.0,1.723433987925673,1.6132593664182013,-0.1101746215074717
narrow_band,gps_speed_curve_matched,desired_curv_rms_1pm,C-minus-A,3|-1|9|-2,1,1,1.0,1.979634751202891,5.272331037608187,3.292696286405296
narrow_band,gps_speed_curve_matched,desired_curv_rms_1pm,C-minus-A,3|-1|9|0,1,1,1.0,4.169627089544219,3.500624814589908,-0.6690022749543112
narrow_band,speed_curve_matched,steer_rms_deg,C-minus-B,10|-1,4,1,1.0,0.8357471435966726,0.5590035415694554,-0.27674360202721715
narrow_band,speed_curve_matched,steer_rms_deg,C-minus-B,11|-1,3,4,3.0,0.5083426938818183,0.4031128670141787,-0.1052298268676396
narrow_band,speed_curve_matched,steer_rms_deg,C-minus-B,11|-2,1,1,1.0,0.5434117700012657,0.47618581235366075,-0.06722595764760497
narrow_band,speed_curve_matched,steer_rms_deg,C-minus-B,11|0,2,2,2.0,0.4819235185634172,0.34991265699659735,-0.13201086156681985
narrow_band,speed_curve_matched,actual_curv_rms_1pm,C-minus-B,10|-1,4,1,1.0,1.9835759815535834,1.441025575645752,-0.5425504059078314
narrow_band,speed_curve_matched,actual_curv_rms_1pm,C-minus-B,11|-1,3,4,3.0,0.9863443245351735,0.7870481129825515,-0.199296211552622
narrow_band,speed_curve_matched,actual_curv_rms_1pm,C-minus-B,11|-2,1,1,1.0,1.2018985418856016,1.0161962396699407,-0.18570230221566097
narrow_band,speed_curve_matched,actual_curv_rms_1pm,C-minus-B,11|0,2,2,2.0,1.008883603350728,0.7423990089004486,-0.2664845944502794
narrow_band,speed_curve_matched,lat_accel_rms_mps2,C-minus-B,10|-1,4,1,1.0,0.1322001600724338,0.07811156741639466,-0.05408859265603913
narrow_band,speed_curve_matched,lat_accel_rms_mps2,C-minus-B,11|-1,3,4,3.0,0.07415199633692969,0.06179634703806574,-0.01235564929886395
narrow_band,speed_curve_matched,lat_accel_rms_mps2,C-minus-B,11|-2,1,1,1.0,0.09382616018747697,0.0809449364447525,-0.012881223742724476
narrow_band,speed_curve_matched,lat_accel_rms_mps2,C-minus-B,11|0,2,2,2.0,0.07756605744961315,0.05915180861091314,-0.018414248838700006
narrow_band,speed_curve_matched,cmd_curv_rms_1pm,C-minus-B,10|-1,4,1,1.0,2.1473964312946916,1.096929486063813,-1.0504669452308786
narrow_band,speed_curve_matched,cmd_curv_rms_1pm,C-minus-B,11|-1,3,4,3.0,1.0285797450988698,0.7656184026352156,-0.2629613424636542
narrow_band,speed_curve_matched,cmd_curv_rms_1pm,C-minus-B,11|-2,1,1,1.0,1.0600310986268524,1.0463750259790587,-0.013656072647793671
narrow_band,speed_curve_matched,cmd_curv_rms_1pm,C-minus-B,11|0,2,2,2.0,1.046232599556335,0.7499615042136001,-0.296271095342735
narrow_band,speed_curve_matched,desired_curv_rms_1pm,C-minus-B,10|-1,4,1,1.0,2.1473016515750594,1.096932473075568,-1.0503691784994913
narrow_band,speed_curve_matched,desired_curv_rms_1pm,C-minus-B,11|-1,3,4,3.0,1.0285943722300452,0.7656279609208057,-0.2629664113092396
narrow_band,speed_curve_matched,desired_curv_rms_1pm,C-minus-B,11|-2,1,1,1.0,1.0599940997056019,1.04639938454384,-0.013594715161761917
narrow_band,speed_curve_matched,desired_curv_rms_1pm,C-minus-B,11|0,2,2,2.0,1.0462493779167146,0.7499093950817517,-0.2963399828349629
narrow_band,gps_speed_curve_matched,steer_rms_deg,C-minus-B,-5|-1|11|-1,1,1,1.0,0.4963441875099129,0.3812206823690562,-0.11512350514085667
narrow_band,gps_speed_curve_matched,steer_rms_deg,C-minus-B,-7|-1|11|0,1,1,1.0,0.4883625490673449,0.3164674972595562,-0.1718950518077887
narrow_band,gps_speed_curve_matched,steer_rms_deg,C-minus-B,-8|-1|11|0,1,1,1.0,0.47548448805948956,0.38335781673363856,-0.092126671325851
narrow_band,gps_speed_curve_matched,actual_curv_rms_1pm,C-minus-B,-5|-1|11|-1,1,1,1.0,0.9863443245351735,0.7332708774902206,-0.25307344704495294
narrow_band,gps_speed_curve_matched,actual_curv_rms_1pm,C-minus-B,-7|-1|11|0,1,1,1.0,1.06196983412472,0.6739294438243087,-0.38804039030041115
narrow_band,gps_speed_curve_matched,actual_curv_rms_1pm,C-minus-B,-8|-1|11|0,1,1,1.0,0.9557973725767362,0.8108685739765884,-0.14492879860014785
narrow_band,gps_speed_curve_matched,lat_accel_rms_mps2,C-minus-B,-5|-1|11|-1,1,1,1.0,0.07415199633692969,0.058130249228697264,-0.016021747108232426
narrow_band,gps_speed_curve_matched,lat_accel_rms_mps2,C-minus-B,-7|-1|11|0,1,1,1.0,0.08150808136251325,0.053844126925633416,-0.027663954436879835
narrow_band,gps_speed_curve_matched,lat_accel_rms_mps2,C-minus-B,-8|-1|11|0,1,1,1.0,0.07362403353671305,0.06445949029619286,-0.009164543240520198
narrow_band,gps_speed_curve_matched,cmd_curv_rms_1pm,C-minus-B,-5|-1|11|-1,1,1,1.0,1.0285797450988698,0.7057791939092309,-0.3228005511896389
narrow_band,gps_speed_curve_matched,cmd_curv_rms_1pm,C-minus-B,-7|-1|11|0,1,1,1.0,1.0137225600099677,0.6649366573169642,-0.3487859026930036
narrow_band,gps_speed_curve_matched,cmd_curv_rms_1pm,C-minus-B,-8|-1|11|0,1,1,1.0,1.0787426391027026,0.8349863511102361,-0.2437562879924665
narrow_band,gps_speed_curve_matched,desired_curv_rms_1pm,C-minus-B,-5|-1|11|-1,1,1,1.0,1.0285943722300452,0.7057805504215009,-0.32281382180854434
narrow_band,gps_speed_curve_matched,desired_curv_rms_1pm,C-minus-B,-7|-1|11|0,1,1,1.0,1.0137273302620293,0.6649454069191459,-0.3487819233428834
narrow_band,gps_speed_curve_matched,desired_curv_rms_1pm,C-minus-B,-8|-1|11|0,1,1,1.0,1.0787714255713998,0.8348733832443574,-0.24389804232704237
primary,speed_curve_matched,steer_rms_deg,B-minus-A,10|-1,9,4,4.0,0.7289363713245116,0.8674259456417255,0.13848957431721387
primary,speed_curve_matched,steer_rms_deg,B-minus-A,10|0,4,1,1.0,0.5705821871415466,1.677591351006669,1.1070091638651223
primary,speed_curve_matched,steer_rms_deg,B-minus-A,11|-1,1,3,1.0,0.3602472087374548,0.6169859296524867,0.25673872091503186
primary,speed_curve_matched,actual_curv_rms_1pm,B-minus-A,10|-1,9,4,4.0,1.6917384114753824,2.088540259178747,0.3968018477033646
primary,speed_curve_matched,actual_curv_rms_1pm,B-minus-A,10|0,4,1,1.0,1.2836066493438822,4.527763056793452,3.2441564074495695
primary,speed_curve_matched,actual_curv_rms_1pm,B-minus-A,11|-1,1,3,1.0,0.8082212688151104,1.2213005120051372,0.41307924319002687
primary,speed_curve_matched,lat_accel_rms_mps2,B-minus-A,10|-1,9,4,4.0,0.10582818667494036,0.14448720954831473,0.038659022873374374
primary,speed_curve_matched,lat_accel_rms_mps2,B-minus-A,10|0,4,1,1.0,0.08892443141371945,0.27551758006912386,0.1865931486554044
primary,speed_curve_matched,lat_accel_rms_mps2,B-minus-A,11|-1,1,3,1.0,0.06948825194792417,0.08851258611980513,0.019024334171880958
primary,speed_curve_matched,cmd_curv_rms_1pm,B-minus-A,10|-1,9,4,4.0,1.4544419289809063,2.162897210005151,0.7084552810242448
primary,speed_curve_matched,cmd_curv_rms_1pm,B-minus-A,10|0,4,1,1.0,1.0440700199681126,4.377638178379579,3.3335681584114663
primary,speed_curve_matched,cmd_curv_rms_1pm,B-minus-A,11|-1,1,3,1.0,0.6074025538324727,1.1400887712341419,0.5326862174016692
primary,speed_curve_matched,desired_curv_rms_1pm,B-minus-A,10|-1,9,4,4.0,1.4544062229458508,2.162825903931285,0.7084196809854344
primary,speed_curve_matched,desired_curv_rms_1pm,B-minus-A,10|0,4,1,1.0,1.0439664004734683,4.377887348810649,3.333920948337181
primary,speed_curve_matched,desired_curv_rms_1pm,B-minus-A,11|-1,1,3,1.0,0.6073372847971569,1.1401144417130875,0.5327771569159306
primary,gps_speed_curve_matched,steer_rms_deg,B-minus-A,-6|-1|10|-1,1,1,1.0,0.6911565091451806,0.884118838989439,0.19296232984425843
primary,gps_speed_curve_matched,steer_rms_deg,B-minus-A,-9|-1|10|-1,2,1,1.0,0.8540616889599231,0.739736467201132,-0.11432522175879112
primary,gps_speed_curve_matched,actual_curv_rms_1pm,B-minus-A,-6|-1|10|-1,1,1,1.0,1.6917384114753824,1.916736716974924,0.2249983054995417
primary,gps_speed_curve_matched,actual_curv_rms_1pm,B-minus-A,-9|-1|10|-1,2,1,1.0,1.9788225047491927,1.9523670167995586,-0.02645548794963415
primary,gps_speed_curve_matched,lat_accel_rms_mps2,B-minus-A,-6|-1|10|-1,1,1,1.0,0.10558823623968132,0.13389392886118967,0.028305692621508352
primary,gps_speed_curve_matched,lat_accel_rms_mps2,B-minus-A,-9|-1|10|-1,2,1,1.0,0.1260743843309497,0.14623858765988937,0.020164203328939673
primary,gps_speed_curve_matched,cmd_curv_rms_1pm,B-minus-A,-6|-1|10|-1,1,1,1.0,1.4544419289809063,1.8001665319598001,0.34572460297889385
primary,gps_speed_curve_matched,cmd_curv_rms_1pm,B-minus-A,-9|-1|10|-1,2,1,1.0,1.7169438053815385,1.58566703929724,-0.1312767660842984
primary,gps_speed_curve_matched,desired_curv_rms_1pm,B-minus-A,-6|-1|10|-1,1,1,1.0,1.4544062229458508,1.8000910624590516,0.34568483951320084
primary,gps_speed_curve_matched,desired_curv_rms_1pm,B-minus-A,-9|-1|10|-1,2,1,1.0,1.7169602920958207,1.5857138358960867,-0.13124645619973396
primary,speed_curve_matched,steer_rms_deg,C-minus-A,10|-1,9,1,1.0,0.7289363713245116,0.6382661406889014,-0.0906702306356102
primary,speed_curve_matched,steer_rms_deg,C-minus-A,11|-1,1,4,1.0,0.3602472087374548,0.46739422532719666,0.10714701658974185
primary,speed_curve_matched,steer_rms_deg,C-minus-A,8|-1,8,4,4.0,1.0143299785864,0.5993642466608846,-0.41496573192551534
primary,speed_curve_matched,steer_rms_deg,C-minus-A,8|-2,4,1,1.0,1.2316698050476746,0.6172209434256407,-0.6144488616220339
primary,speed_curve_matched,steer_rms_deg,C-minus-A,9|-1,7,4,4.0,0.768195499867951,0.7120499827423692,-0.0561455171255818
primary,speed_curve_matched,steer_rms_deg,C-minus-A,9|-2,2,2,2.0,1.0398356579239298,1.295373176136943,0.25553751821301307
primary,speed_curve_matched,steer_rms_deg,C-minus-A,9|-3,2,1,1.0,0.7176745699345376,0.6290222144733536,-0.088652355461184
primary,speed_curve_matched,steer_rms_deg,C-minus-A,9|0,3,2,2.0,1.7045954079206842,1.516234465775943,-0.1883609421447412
primary,speed_curve_matched,actual_curv_rms_1pm,C-minus-A,10|-1,9,1,1.0,1.6917384114753824,1.5611512820800684,-0.13058712939531403
primary,speed_curve_matched,actual_curv_rms_1pm,C-minus-A,11|-1,1,4,1.0,0.8082212688151104,0.9428248270347939,0.1346035582196835
primary,speed_curve_matched,actual_curv_rms_1pm,C-minus-A,8|-1,8,4,4.0,2.530083808320284,1.5253718013248714,-1.0047120069954125
primary,speed_curve_matched,actual_curv_rms_1pm,C-minus-A,8|-2,4,1,1.0,3.1450847594586406,1.534029989120579,-1.6110547703380615
primary,speed_curve_matched,actual_curv_rms_1pm,C-minus-A,9|-1,7,4,4.0,2.0261149564134895,1.7683965628406497,-0.25771839357283977
primary,speed_curve_matched,actual_curv_rms_1pm,C-minus-A,9|-2,2,2,2.0,2.6464792017332557,3.333363969294077,0.6868847675608212
primary,speed_curve_matched,actual_curv_rms_1pm,C-minus-A,9|-3,2,1,1.0,1.7278341174608602,1.5807688139758729,-0.14706530348498736
primary,speed_curve_matched,actual_curv_rms_1pm,C-minus-A,9|0,3,2,2.0,4.83003350923685,2.80973657358083,-2.0202969356560203
primary,speed_curve_matched,lat_accel_rms_mps2,C-minus-A,10|-1,9,1,1.0,0.10582818667494036,0.09359731947684712,-0.012230867198093243
primary,speed_curve_matched,lat_accel_rms_mps2,C-minus-A,11|-1,1,4,1.0,0.06948825194792417,0.07442634416182697,0.004938092213902803
primary,speed_curve_matched,lat_accel_rms_mps2,C-minus-A,8|-1,8,4,4.0,0.12171221400709238,0.06659374625703944,-0.05511846775005294
primary,speed_curve_matched,lat_accel_rms_mps2,C-minus-A,8|-2,4,1,1.0,0.14134642268980066,0.07255966482717494,-0.06878675786262572
primary,speed_curve_matched,lat_accel_rms_mps2,C-minus-A,9|-1,7,4,4.0,0.10614294012118441,0.09403110471026738,-0.012111835410917038
primary,speed_curve_matched,lat_accel_rms_mps2,C-minus-A,9|-2,2,2,2.0,0.1465478070808005,0.18624324197300515,0.039695434892204645
primary,speed_curve_matched,lat_accel_rms_mps2,C-minus-A,9|-3,2,1,1.0,0.11133693111963959,0.08194482903744552,-0.029392102082194074
primary,speed_curve_matched,lat_accel_rms_mps2,C-minus-A,9|0,3,2,2.0,0.24771827561337326,0.15760705183219945,-0.09011122378117381
primary,speed_curve_matched,cmd_curv_rms_1pm,C-minus-A,10|-1,9,1,1.0,1.4544419289809063,1.34489435464663,-0.1095475743342762
primary,speed_curve_matched,cmd_curv_rms_1pm,C-minus-A,11|-1,1,4,1.0,0.6074025538324727,0.9004632758047912,0.2930607219723186
primary,speed_curve_matched,cmd_curv_rms_1pm,C-minus-A,8|-1,8,4,4.0,2.27433118710608,1.6548252316128282,-0.6195059554932518
primary,speed_curve_matched,cmd_curv_rms_1pm,C-minus-A,8|-2,4,1,1.0,2.7991904454289127,1.6287892220255058,-1.170401223403407
primary,speed_curve_matched,cmd_curv_rms_1pm,C-minus-A,9|-1,7,4,4.0,1.8754412061886625,1.9438258879076598,0.06838468171899725
primary,speed_curve_matched,cmd_curv_rms_1pm,C-minus-A,9|-2,2,2,2.0,2.3010736469663273,3.7952281360029834,1.494154489036656
primary,speed_curve_matched,cmd_curv_rms_1pm,C-minus-A,9|-3,2,1,1.0,1.5409322113947082,1.5336598889840398,-0.00727232241066833
primary,speed_curve_matched,cmd_curv_rms_1pm,C-minus-A,9|0,3,2,2.0,4.386279170971955,4.749486490111268,0.36320731913931326
primary,speed_curve_matched,desired_curv_rms_1pm,C-minus-A,10|-1,9,1,1.0,1.4544062229458508,1.3448987794527187,-0.10950744349313202
primary,speed_curve_matched,desired_curv_rms_1pm,C-minus-A,11|-1,1,4,1.0,0.6073372847971569,0.9004682430691673,0.2931309582720104
primary,speed_curve_matched,desired_curv_rms_1pm,C-minus-A,8|-1,8,4,4.0,2.2744249043704654,1.6549225905699019,-0.6195023138005635
primary,speed_curve_matched,desired_curv_rms_1pm,C-minus-A,8|-2,4,1,1.0,2.7992835608627353,1.6287892222001457,-1.1704943386625897
primary,speed_curve_matched,desired_curv_rms_1pm,C-minus-A,9|-1,7,4,4.0,1.875359110568675,1.943835691298292,0.06847658072961682
primary,speed_curve_matched,desired_curv_rms_1pm,C-minus-A,9|-2,2,2,2.0,2.3010698946408374,3.7954341732626284,1.494364278621791
primary,speed_curve_matched,desired_curv_rms_1pm,C-minus-A,9|-3,2,1,1.0,1.5409966790523497,1.533659876285025,-0.007336802767324624
primary,speed_curve_matched,desired_curv_rms_1pm,C-minus-A,9|0,3,2,2.0,4.386268553950671,4.749450110756188,0.36318155680551634
primary,gps_speed_curve_matched,steer_rms_deg,C-minus-A,-8|-1|9|-3,1,1,1.0,0.6159813290526226,0.6290222144733536,0.013040885420731008
primary,gps_speed_curve_matched,steer_rms_deg,C-minus-A,-9|-1|9|-1,1,1,1.0,0.937335729301459,0.6926921432943297,-0.24464358600712932
primary,gps_speed_curve_matched,steer_rms_deg,C-minus-A,3|-1|9|-2,1,1,1.0,1.2371691554056006,1.9736020620236578,0.7364329066180573
primary,gps_speed_curve_matched,steer_rms_deg,C-minus-A,3|-1|9|0,1,1,1.0,1.9436729436166096,1.4981627301966551,-0.44551021341995445
primary,gps_speed_curve_matched,actual_curv_rms_1pm,C-minus-A,-8|-1|9|-3,1,1,1.0,1.581135696226174,1.5807688139758729,-0.000366882250301126
primary,gps_speed_curve_matched,actual_curv_rms_1pm,C-minus-A,-9|-1|9|-1,1,1,1.0,2.3015880465022787,1.7407774117020287,-0.56081063480025
primary,gps_speed_curve_matched,actual_curv_rms_1pm,C-minus-A,3|-1|9|-2,1,1,1.0,3.234818119441657,5.179158326980135,1.9443402075384775
primary,gps_speed_curve_matched,actual_curv_rms_1pm,C-minus-A,3|-1|9|0,1,1,1.0,5.07913299736738,4.0114669927034585,-1.0676660046639217
primary,gps_speed_curve_matched,lat_accel_rms_mps2,C-minus-A,-8|-1|9|-3,1,1,1.0,0.08718778532608315,0.08194482903744552,-0.005242956288637635
primary,gps_speed_curve_matched,lat_accel_rms_mps2,C-minus-A,-9|-1|9|-1,1,1,1.0,0.12906307870562447,0.09460090112596795,-0.03446217757965653
primary,gps_speed_curve_matched,lat_accel_rms_mps2,C-minus-A,3|-1|9|-2,1,1,1.0,0.18443223740349843,0.2880558070416801,0.10362356963818167
primary,gps_speed_curve_matched,lat_accel_rms_mps2,C-minus-A,3|-1|9|0,1,1,1.0,0.29528863725208676,0.22542490251106018,-0.06986373474102658
primary,gps_speed_curve_matched,cmd_curv_rms_1pm,C-minus-A,-8|-1|9|-3,1,1,1.0,1.481213857387025,1.5336598889840398,0.052446031597014775
primary,gps_speed_curve_matched,cmd_curv_rms_1pm,C-minus-A,-9|-1|9|-1,1,1,1.0,1.9055731658779653,1.6596867055811257,-0.24588646029683958
primary,gps_speed_curve_matched,cmd_curv_rms_1pm,C-minus-A,3|-1|9|-2,1,1,1.0,2.953884548160206,6.271170408944849,3.317285860784643
primary,gps_speed_curve_matched,cmd_curv_rms_1pm,C-minus-A,3|-1|9|0,1,1,1.0,4.7321590395111155,4.4766744271957695,-0.255484612315346
primary,gps_speed_curve_matched,desired_curv_rms_1pm,C-minus-A,-8|-1|9|-3,1,1,1.0,1.481359493303148,1.533659876285025,0.052300382981877114
primary,gps_speed_curve_matched,desired_curv_rms_1pm,C-minus-A,-9|-1|9|-1,1,1,1.0,1.9055321290726863,1.659685074343793,-0.24584705472889334
primary,gps_speed_curve_matched,desired_curv_rms_1pm,C-minus-A,3|-1|9|-2,1,1,1.0,2.9538735516897754,6.271582416731102,3.3177088650413262
primary,gps_speed_curve_matched,desired_curv_rms_1pm,C-minus-A,3|-1|9|0,1,1,1.0,4.732192228365042,4.4766584265699185,-0.2555338017951234
primary,speed_curve_matched,steer_rms_deg,C-minus-B,10|-1,4,1,1.0,0.8674259456417255,0.6382661406889014,-0.22915980495282406
primary,speed_curve_matched,steer_rms_deg,C-minus-B,11|-1,3,4,3.0,0.6169859296524867,0.46739422532719666,-0.14959170432529
primary,speed_curve_matched,steer_rms_deg,C-minus-B,11|-2,1,1,1.0,0.5752798319768173,0.5854769588208085,0.010197126843991211
primary,speed_curve_matched,steer_rms_deg,C-minus-B,11|0,2,2,2.0,0.513849626163777,0.41461111298657743,-0.09923851317719962
primary,speed_curve_matched,actual_curv_rms_1pm,C-minus-B,10|-1,4,1,1.0,2.088540259178747,1.5611512820800684,-0.5273889770986786
primary,speed_curve_matched,actual_curv_rms_1pm,C-minus-B,11|-1,3,4,3.0,1.2213005120051372,0.9428248270347939,-0.27847568497034336
primary,speed_curve_matched,actual_curv_rms_1pm,C-minus-B,11|-2,1,1,1.0,1.2762214739022173,1.2685574304961869,-0.007664043406030441
primary,speed_curve_matched,actual_curv_rms_1pm,C-minus-B,11|0,2,2,2.0,1.0782899928412217,0.8911235078309718,-0.1871664850102499
primary,speed_curve_matched,lat_accel_rms_mps2,C-minus-B,10|-1,4,1,1.0,0.14448720954831473,0.09359731947684712,-0.05088989007146762
primary,speed_curve_matched,lat_accel_rms_mps2,C-minus-B,11|-1,3,4,3.0,0.08851258611980513,0.07442634416182697,-0.014086241957978154
primary,speed_curve_matched,lat_accel_rms_mps2,C-minus-B,11|-2,1,1,1.0,0.09960847584203744,0.10105189492703251,0.0014434190849950679
primary,speed_curve_matched,lat_accel_rms_mps2,C-minus-B,11|0,2,2,2.0,0.08284393076879704,0.0709603369080216,-0.011883593860775435
primary,speed_curve_matched,cmd_curv_rms_1pm,C-minus-B,10|-1,4,1,1.0,2.162897210005151,1.34489435464663,-0.818002855358521
primary,speed_curve_matched,cmd_curv_rms_1pm,C-minus-B,11|-1,3,4,3.0,1.1400887712341419,0.9004632758047912,-0.23962549542935063
primary,speed_curve_matched,cmd_curv_rms_1pm,C-minus-B,11|-2,1,1,1.0,1.109094970498639,1.255571505665018,0.14647653516637904
primary,speed_curve_matched,cmd_curv_rms_1pm,C-minus-B,11|0,2,2,2.0,1.198887598637018,0.8686463989863001,-0.33024119965071785
primary,speed_curve_matched,desired_curv_rms_1pm,C-minus-B,10|-1,4,1,1.0,2.162825903931285,1.3448987794527187,-0.8179271244785664
primary,speed_curve_matched,desired_curv_rms_1pm,C-minus-B,11|-1,3,4,3.0,1.1401144417130875,0.9004682430691673,-0.23964619864392023
primary,speed_curve_matched,desired_curv_rms_1pm,C-minus-B,11|-2,1,1,1.0,1.1090599255487132,1.255592245906648,0.14653232035793473
primary,speed_curve_matched,desired_curv_rms_1pm,C-minus-B,11|0,2,2,2.0,1.198904987646425,0.8685652935461009,-0.33033969410032415
primary,gps_speed_curve_matched,steer_rms_deg,C-minus-B,-5|-1|11|-1,1,1,1.0,0.5682120248265338,0.4454483404508042,-0.12276368437572954
primary,gps_speed_curve_matched,steer_rms_deg,C-minus-B,-7|-1|11|0,1,1,1.0,0.5068971674411765,0.39753082872464884,-0.10936633871652768
primary,gps_speed_curve_matched,steer_rms_deg,C-minus-B,-8|-1|11|0,1,1,1.0,0.5208020848863776,0.431691397248506,-0.08911068763787156
primary,gps_speed_curve_matched,actual_curv_rms_1pm,C-minus-B,-5|-1|11|-1,1,1,1.0,1.147361774344838,0.8754717914770443,-0.27188998286779376
primary,gps_speed_curve_matched,actual_curv_rms_1pm,C-minus-B,-7|-1|11|0,1,1,1.0,1.125662748968462,0.8542909310614474,-0.2713718179070147
primary,gps_speed_curve_matched,actual_curv_rms_1pm,C-minus-B,-8|-1|11|0,1,1,1.0,1.0309172367139814,0.9279560846004963,-0.10296115211348511
primary,gps_speed_curve_matched,lat_accel_rms_mps2,C-minus-B,-5|-1|11|-1,1,1,1.0,0.08645336578315796,0.06949190654553726,-0.0169614592376207
primary,gps_speed_curve_matched,lat_accel_rms_mps2,C-minus-B,-7|-1|11|0,1,1,1.0,0.08634648096344713,0.0682226215149724,-0.018123859448474736
primary,gps_speed_curve_matched,lat_accel_rms_mps2,C-minus-B,-8|-1|11|0,1,1,1.0,0.07934138057414696,0.07369805230107081,-0.005643328273076148
primary,gps_speed_curve_matched,cmd_curv_rms_1pm,C-minus-B,-5|-1|11|-1,1,1,1.0,1.1400887712341419,0.8547808549822951,-0.2853079162518468
primary,gps_speed_curve_matched,cmd_curv_rms_1pm,C-minus-B,-7|-1|11|0,1,1,1.0,1.1312028300133612,0.7947097623024592,-0.33649306771090204
primary,gps_speed_curve_matched,cmd_curv_rms_1pm,C-minus-B,-8|-1|11|0,1,1,1.0,1.2665723672606748,0.9425830356701411,-0.32398933159053367
primary,gps_speed_curve_matched,desired_curv_rms_1pm,C-minus-B,-5|-1|11|-1,1,1,1.0,1.1401144417130875,0.8547822794206187,-0.2853321622924688
primary,gps_speed_curve_matched,desired_curv_rms_1pm,C-minus-B,-7|-1|11|0,1,1,1.0,1.131206979654075,0.7947033178205826,-0.33650366183349234
primary,gps_speed_curve_matched,desired_curv_rms_1pm,C-minus-B,-8|-1|11|0,1,1,1.0,1.2666029956387752,0.9424272692716192,-0.32417572636715597
strict_curve,speed_curve_matched,steer_rms_deg,B-minus-A,10|-1,9,4,4.0,0.7289363713245116,0.8119276530952855,0.08299128177077386
strict_curve,speed_curve_matched,steer_rms_deg,B-minus-A,10|0,4,1,1.0,0.5705821871415466,1.677591351006669,1.1070091638651223
strict_curve,speed_curve_matched,steer_rms_deg,B-minus-A,11|-1,1,3,1.0,0.3467035176002931,0.6169859296524867,0.27028241205219355
strict_curve,speed_curve_matched,actual_curv_rms_1pm,B-minus-A,10|-1,9,4,4.0,1.6917384114753824,1.9345518668872415,0.24281345541185906
strict_curve,speed_curve_matched,actual_curv_rms_1pm,B-minus-A,10|0,4,1,1.0,1.2836066493438822,4.527763056793452,3.2441564074495695
strict_curve,speed_curve_matched,actual_curv_rms_1pm,B-minus-A,11|-1,1,3,1.0,0.7628489554216309,1.2213005120051372,0.45845155658350634
strict_curve,speed_curve_matched,lat_accel_rms_mps2,B-minus-A,10|-1,9,4,4.0,0.10582818667494036,0.14006625826053953,0.034238071585599175
strict_curve,speed_curve_matched,lat_accel_rms_mps2,B-minus-A,10|0,4,1,1.0,0.08892443141371945,0.27551758006912386,0.1865931486554044
strict_curve,speed_curve_matched,lat_accel_rms_mps2,B-minus-A,11|-1,1,3,1.0,0.06516169781546259,0.08851258611980513,0.023350888304342537
strict_curve,speed_curve_matched,cmd_curv_rms_1pm,B-minus-A,10|-1,9,4,4.0,1.4544419289809063,2.1015928202639538,0.6471508912830475
strict_curve,speed_curve_matched,cmd_curv_rms_1pm,B-minus-A,10|0,4,1,1.0,1.0440700199681126,4.377638178379579,3.3335681584114663
strict_curve,speed_curve_matched,cmd_curv_rms_1pm,B-minus-A,11|-1,1,3,1.0,0.6030258653690915,1.1400887712341419,0.5370629058650503
strict_curve,speed_curve_matched,desired_curv_rms_1pm,B-minus-A,10|-1,9,4,4.0,1.4544062229458508,2.1015106060593607,0.6471043831135099
strict_curve,speed_curve_matched,desired_curv_rms_1pm,B-minus-A,10|0,4,1,1.0,1.0439664004734683,4.377887348810649,3.333920948337181
strict_curve,speed_curve_matched,desired_curv_rms_1pm,B-minus-A,11|-1,1,3,1.0,0.6029768169047595,1.1401144417130875,0.537137624808328
strict_curve,gps_speed_curve_matched,steer_rms_deg,B-minus-A,-6|-1|10|-1,1,1,1.0,0.6911565091451806,0.884118838989439,0.19296232984425843
strict_curve,gps_speed_curve_matched,steer_rms_deg,B-minus-A,-9|-1|10|-1,2,1,1.0,0.8540616889599231,0.739736467201132,-0.11432522175879112
strict_curve,gps_speed_curve_matched,actual_curv_rms_1pm,B-minus-A,-6|-1|10|-1,1,1,1.0,1.6917384114753824,1.916736716974924,0.2249983054995417
strict_curve,gps_speed_curve_matched,actual_curv_rms_1pm,B-minus-A,-9|-1|10|-1,2,1,1.0,1.9788225047491927,1.9523670167995586,-0.02645548794963415
strict_curve,gps_speed_curve_matched,lat_accel_rms_mps2,B-minus-A,-6|-1|10|-1,1,1,1.0,0.10558823623968132,0.13389392886118967,0.028305692621508352
strict_curve,gps_speed_curve_matched,lat_accel_rms_mps2,B-minus-A,-9|-1|10|-1,2,1,1.0,0.1260743843309497,0.14623858765988937,0.020164203328939673
strict_curve,gps_speed_curve_matched,cmd_curv_rms_1pm,B-minus-A,-6|-1|10|-1,1,1,1.0,1.4544419289809063,1.8001665319598001,0.34572460297889385
strict_curve,gps_speed_curve_matched,cmd_curv_rms_1pm,B-minus-A,-9|-1|10|-1,2,1,1.0,1.7169438053815385,1.58566703929724,-0.1312767660842984
strict_curve,gps_speed_curve_matched,desired_curv_rms_1pm,B-minus-A,-6|-1|10|-1,1,1,1.0,1.4544062229458508,1.8000910624590516,0.34568483951320084
strict_curve,gps_speed_curve_matched,desired_curv_rms_1pm,B-minus-A,-9|-1|10|-1,2,1,1.0,1.7169602920958207,1.5857138358960867,-0.13124645619973396
strict_curve,speed_curve_matched,steer_rms_deg,C-minus-A,10|-1,9,1,1.0,0.7289363713245116,0.6184975497089709,-0.11043882161554075
strict_curve,speed_curve_matched,steer_rms_deg,C-minus-A,11|-1,1,4,1.0,0.3467035176002931,0.46739422532719666,0.12069070772690355
strict_curve,speed_curve_matched,steer_rms_deg,C-minus-A,8|-1,8,4,4.0,1.0143299785864,0.5993642466608846,-0.41496573192551534
strict_curve,speed_curve_matched,steer_rms_deg,C-minus-A,8|-2,4,1,1.0,1.0968627468998688,0.71325505885967,-0.38360768804019885
strict_curve,speed_curve_matched,steer_rms_deg,C-minus-A,9|-1,7,4,4.0,0.7371743708530383,0.7120499827423692,-0.025124388110669083
strict_curve,speed_curve_matched,steer_rms_deg,C-minus-A,9|0,2,2,2.0,1.5026152021047663,1.516234465775943,0.013619263671176718
strict_curve,speed_curve_matched,actual_curv_rms_1pm,C-minus-A,10|-1,9,1,1.0,1.6917384114753824,1.3908548256016138,-0.3008835858737686
strict_curve,speed_curve_matched,actual_curv_rms_1pm,C-minus-A,11|-1,1,4,1.0,0.7628489554216309,0.9428248270347939,0.17997587161316297
strict_curve,speed_curve_matched,actual_curv_rms_1pm,C-minus-A,8|-1,8,4,4.0,2.530083808320284,1.5253718013248714,-1.0047120069954125
strict_curve,speed_curve_matched,actual_curv_rms_1pm,C-minus-A,8|-2,4,1,1.0,2.7645255599837206,1.7838372013542445,-0.9806883586294761
strict_curve,speed_curve_matched,actual_curv_rms_1pm,C-minus-A,9|-1,7,4,4.0,1.8312171949428837,1.7683965628406497,-0.06282063210223399
strict_curve,speed_curve_matched,actual_curv_rms_1pm,C-minus-A,9|0,2,2,2.0,3.878414989191211,2.80973657358083,-1.068678415610381
strict_curve,speed_curve_matched,lat_accel_rms_mps2,C-minus-A,10|-1,9,1,1.0,0.10582818667494036,0.09063176286304815,-0.015196423811892207
strict_curve,speed_curve_matched,lat_accel_rms_mps2,C-minus-A,11|-1,1,4,1.0,0.06516169781546259,0.07442634416182697,0.009264646346364383
strict_curve,speed_curve_matched,lat_accel_rms_mps2,C-minus-A,8|-1,8,4,4.0,0.12171221400709238,0.06659374625703944,-0.05511846775005294
strict_curve,speed_curve_matched,lat_accel_rms_mps2,C-minus-A,8|-2,4,1,1.0,0.12006311746407072,0.08378920823585649,-0.03627390922821423
strict_curve,speed_curve_matched,lat_accel_rms_mps2,C-minus-A,9|-1,7,4,4.0,0.10140198523828704,0.09403110471026738,-0.007370880528019666
strict_curve,speed_curve_matched,lat_accel_rms_mps2,C-minus-A,9|0,2,2,2.0,0.2209468263508475,0.15760705183219945,-0.06333977451864806
strict_curve,speed_curve_matched,cmd_curv_rms_1pm,C-minus-A,10|-1,9,1,1.0,1.4544419289809063,1.332967611880338,-0.12147431710056833
strict_curve,speed_curve_matched,cmd_curv_rms_1pm,C-minus-A,11|-1,1,4,1.0,0.6030258653690915,0.9004632758047912,0.2974374104356997
strict_curve,speed_curve_matched,cmd_curv_rms_1pm,C-minus-A,8|-1,8,4,4.0,2.27433118710608,1.6548252316128282,-0.6195059554932518
strict_curve,speed_curve_matched,cmd_curv_rms_1pm,C-minus-A,8|-2,4,1,1.0,2.3140424161218407,1.8798319988100762,-0.43421041731176446
strict_curve,speed_curve_matched,cmd_curv_rms_1pm,C-minus-A,9|-1,7,4,4.0,1.7176247904715756,1.9438258879076598,0.2262010974360842
strict_curve,speed_curve_matched,cmd_curv_rms_1pm,C-minus-A,9|0,2,2,2.0,3.4793519343506314,4.749486490111268,1.2701345557606367
strict_curve,speed_curve_matched,desired_curv_rms_1pm,C-minus-A,10|-1,9,1,1.0,1.4544062229458508,1.332972450737306,-0.12143377220854479
strict_curve,speed_curve_matched,desired_curv_rms_1pm,C-minus-A,11|-1,1,4,1.0,0.6029768169047595,0.9004682430691673,0.2974914261644078
strict_curve,speed_curve_matched,desired_curv_rms_1pm,C-minus-A,8|-1,8,4,4.0,2.2744249043704654,1.6549225905699019,-0.6195023138005635
strict_curve,speed_curve_matched,desired_curv_rms_1pm,C-minus-A,8|-2,4,1,1.0,2.314041129741245,1.8798319990693821,-0.43420913067186273
strict_curve,speed_curve_matched,desired_curv_rms_1pm,C-minus-A,9|-1,7,4,4.0,1.7176719279373454,1.943835691298292,0.22616376336094657
strict_curve,speed_curve_matched,desired_curv_rms_1pm,C-minus-A,9|0,2,2,2.0,3.4792418598050574,4.749450110756188,1.2702082509511303
strict_curve,gps_speed_curve_matched,steer_rms_deg,C-minus-A,-9|-1|9|-1,1,1,1.0,0.937335729301459,0.6926921432943297,-0.24464358600712932
strict_curve,gps_speed_curve_matched,steer_rms_deg,C-minus-A,3|-1|9|0,1,1,1.0,1.9436729436166096,1.4981627301966551,-0.44551021341995445
strict_curve,gps_speed_curve_matched,actual_curv_rms_1pm,C-minus-A,-9|-1|9|-1,1,1,1.0,2.3015880465022787,1.7407774117020287,-0.56081063480025
strict_curve,gps_speed_curve_matched,actual_curv_rms_1pm,C-minus-A,3|-1|9|0,1,1,1.0,5.07913299736738,4.0114669927034585,-1.0676660046639217
strict_curve,gps_speed_curve_matched,lat_accel_rms_mps2,C-minus-A,-9|-1|9|-1,1,1,1.0,0.12906307870562447,0.09460090112596795,-0.03446217757965653
strict_curve,gps_speed_curve_matched,lat_accel_rms_mps2,C-minus-A,3|-1|9|0,1,1,1.0,0.29528863725208676,0.22542490251106018,-0.06986373474102658
strict_curve,gps_speed_curve_matched,cmd_curv_rms_1pm,C-minus-A,-9|-1|9|-1,1,1,1.0,1.9055731658779653,1.6596867055811257,-0.24588646029683958
strict_curve,gps_speed_curve_matched,cmd_curv_rms_1pm,C-minus-A,3|-1|9|0,1,1,1.0,4.7321590395111155,4.4766744271957695,-0.255484612315346
strict_curve,gps_speed_curve_matched,desired_curv_rms_1pm,C-minus-A,-9|-1|9|-1,1,1,1.0,1.9055321290726863,1.659685074343793,-0.24584705472889334
strict_curve,gps_speed_curve_matched,desired_curv_rms_1pm,C-minus-A,3|-1|9|0,1,1,1.0,4.732192228365042,4.4766584265699185,-0.2555338017951234
strict_curve,speed_curve_matched,steer_rms_deg,C-minus-B,10|-1,4,1,1.0,0.8119276530952855,0.6184975497089709,-0.1934301033863146
strict_curve,speed_curve_matched,steer_rms_deg,C-minus-B,11|-1,3,4,3.0,0.6169859296524867,0.46739422532719666,-0.14959170432529
strict_curve,speed_curve_matched,steer_rms_deg,C-minus-B,11|0,2,2,2.0,0.513849626163777,0.41461111298657743,-0.09923851317719962
strict_curve,speed_curve_matched,actual_curv_rms_1pm,C-minus-B,10|-1,4,1,1.0,1.9345518668872415,1.3908548256016138,-0.5436970412856277
strict_curve,speed_curve_matched,actual_curv_rms_1pm,C-minus-B,11|-1,3,4,3.0,1.2213005120051372,0.9428248270347939,-0.27847568497034336
strict_curve,speed_curve_matched,actual_curv_rms_1pm,C-minus-B,11|0,2,2,2.0,1.0782899928412217,0.8911235078309718,-0.1871664850102499
strict_curve,speed_curve_matched,lat_accel_rms_mps2,C-minus-B,10|-1,4,1,1.0,0.14006625826053953,0.09063176286304815,-0.04943449539749138
strict_curve,speed_curve_matched,lat_accel_rms_mps2,C-minus-B,11|-1,3,4,3.0,0.08851258611980513,0.07442634416182697,-0.014086241957978154
strict_curve,speed_curve_matched,lat_accel_rms_mps2,C-minus-B,11|0,2,2,2.0,0.08284393076879704,0.0709603369080216,-0.011883593860775435
strict_curve,speed_curve_matched,cmd_curv_rms_1pm,C-minus-B,10|-1,4,1,1.0,2.1015928202639538,1.332967611880338,-0.7686252083836158
strict_curve,speed_curve_matched,cmd_curv_rms_1pm,C-minus-B,11|-1,3,4,3.0,1.1400887712341419,0.9004632758047912,-0.23962549542935063
strict_curve,speed_curve_matched,cmd_curv_rms_1pm,C-minus-B,11|0,2,2,2.0,1.198887598637018,0.8686463989863001,-0.33024119965071785
strict_curve,speed_curve_matched,desired_curv_rms_1pm,C-minus-B,10|-1,4,1,1.0,2.1015106060593607,1.332972450737306,-0.7685381553220547
strict_curve,speed_curve_matched,desired_curv_rms_1pm,C-minus-B,11|-1,3,4,3.0,1.1401144417130875,0.9004682430691673,-0.23964619864392023
strict_curve,speed_curve_matched,desired_curv_rms_1pm,C-minus-B,11|0,2,2,2.0,1.198904987646425,0.8685652935461009,-0.33033969410032415
strict_curve,gps_speed_curve_matched,steer_rms_deg,C-minus-B,-5|-1|11|-1,1,1,1.0,0.5682120248265338,0.4454483404508042,-0.12276368437572954
strict_curve,gps_speed_curve_matched,steer_rms_deg,C-minus-B,-7|-1|11|0,1,1,1.0,0.5068971674411765,0.39753082872464884,-0.10936633871652768
strict_curve,gps_speed_curve_matched,steer_rms_deg,C-minus-B,-8|-1|11|0,1,1,1.0,0.5208020848863776,0.431691397248506,-0.08911068763787156
strict_curve,gps_speed_curve_matched,actual_curv_rms_1pm,C-minus-B,-5|-1|11|-1,1,1,1.0,1.147361774344838,0.8754717914770443,-0.27188998286779376
strict_curve,gps_speed_curve_matched,actual_curv_rms_1pm,C-minus-B,-7|-1|11|0,1,1,1.0,1.125662748968462,0.8542909310614474,-0.2713718179070147
strict_curve,gps_speed_curve_matched,actual_curv_rms_1pm,C-minus-B,-8|-1|11|0,1,1,1.0,1.0309172367139814,0.9279560846004963,-0.10296115211348511
strict_curve,gps_speed_curve_matched,lat_accel_rms_mps2,C-minus-B,-5|-1|11|-1,1,1,1.0,0.08645336578315796,0.06949190654553726,-0.0169614592376207
strict_curve,gps_speed_curve_matched,lat_accel_rms_mps2,C-minus-B,-7|-1|11|0,1,1,1.0,0.08634648096344713,0.0682226215149724,-0.018123859448474736
strict_curve,gps_speed_curve_matched,lat_accel_rms_mps2,C-minus-B,-8|-1|11|0,1,1,1.0,0.07934138057414696,0.07369805230107081,-0.005643328273076148
strict_curve,gps_speed_curve_matched,cmd_curv_rms_1pm,C-minus-B,-5|-1|11|-1,1,1,1.0,1.1400887712341419,0.8547808549822951,-0.2853079162518468
strict_curve,gps_speed_curve_matched,cmd_curv_rms_1pm,C-minus-B,-7|-1|11|0,1,1,1.0,1.1312028300133612,0.7947097623024592,-0.33649306771090204
strict_curve,gps_speed_curve_matched,cmd_curv_rms_1pm,C-minus-B,-8|-1|11|0,1,1,1.0,1.2665723672606748,0.9425830356701411,-0.32398933159053367
strict_curve,gps_speed_curve_matched,desired_curv_rms_1pm,C-minus-B,-5|-1|11|-1,1,1,1.0,1.1401144417130875,0.8547822794206187,-0.2853321622924688
strict_curve,gps_speed_curve_matched,desired_curv_rms_1pm,C-minus-B,-7|-1|11|0,1,1,1.0,1.131206979654075,0.7947033178205826,-0.33650366183349234
strict_curve,gps_speed_curve_matched,desired_curv_rms_1pm,C-minus-B,-8|-1|11|0,1,1,1.0,1.2666029956387752,0.9424272692716192,-0.32417572636715597
