drive_id,pi_set,driving_model,wall_date,order,seg_t,weave_path,weave_steer,hunt_steer,centering_abs,centering_signed,spd_mph,elig_s,steerRatio,angleOffsetAvg,angleOffset,stiffness,cal_yaw,cal_pitch,cal_roll,int_abs,int_railed_frac
ba_tonight_golden,golden,CD210,1764094627.5855677,0,180.0,1.1724839995502612,0.5236698971660451,0.12819319392963127,0.10678994655609131,-0.06905631721019745,58.120419062652594,40.34,17.17775535583496,0.2469910830259323,0.4664144814014435,1.00440514087677,-2.8763372898101807,2.4543113708496094,-0.010211422108113766,0.19692616573961894,0.23500247892910262
ba_tonight_golden,golden,CD210,1764094627.5855677,0,225.0,1.1297569306202326,0.48580970534916285,0.11740912547078453,0.07347989082336426,-0.03023606725037098,56.19974686668397,36.5,17.176326751708984,0.28708428144454956,0.3660856783390045,1.0044347047805786,-2.878239154815674,2.4630889892578125,-0.01029258407652378,0.23115118932679818,0.3052054794520548
ba_tonight_golden,golden,CD210,1764094627.5855677,0,630.0,3.8024119396799008,1.5152843671966767,0.5048248240395714,0.10966625064611435,-0.004656014032661915,55.38994154594422,33.36,17.1809024810791,0.34109532833099365,0.22212772071361542,1.004619836807251,-2.876448631286621,2.447021484375,-0.010209455154836178,0.261415905637365,0.38609112709832133
ba_tonight_golden,golden,CD210,1764094627.5855677,0,810.0,1.0717096583949295,0.5112607651212652,0.16372951115254444,0.0805828869342804,-0.04703865572810173,58.28026601438523,38.44,17.16659164428711,0.29405975341796875,0.14133016765117645,1.0059678554534912,-2.882716178894043,2.4458656311035156,-0.010477012023329735,0.23196766697581236,0.27991675338189387
ba_tonight_golden,golden,CD210,1764094627.5855677,0,855.0,1.382933661594251,0.6337517849605623,0.11088969961050169,0.12679539620876312,-0.016136575490236282,58.15549924888611,40.54,17.168052673339844,0.24405723810195923,0.08685387670993805,1.0059353113174438,-2.883209466934204,2.4687535762786865,-0.01049849297851324,0.21412504738885554,0.2067094227923039
ba_tonight_golden,golden,CD210,1764094627.5855677,0,990.0,1.1350885112114686,0.5334031742518265,0.07951608830742886,0.06520643085241318,0.019102005288004875,58.0430736946106,45.0,17.173276901245117,0.13667288422584534,0.1554194688796997,1.0057284832000732,-2.8772590160369873,2.4747965335845947,-0.010241501964628696,0.08369915086644722,0.0
ba_tonight_golden,golden,CD210,1764094627.5855677,0,1035.0,4.655653473722056,1.9519721856458983,0.08798524296059915,0.07305985689163208,0.04989068582653999,58.03111434627533,41.86,17.175846099853516,0.13272696733474731,0.0944666638970375,1.0056462287902832,-2.8844404220581055,2.4709231853485107,-0.010550427250564098,0.24907545073067716,0.3497372193024367
b8,golden,CD210,1764094627.887948,1,90.0,2.0480264686544145,0.8645144232492935,0.12299654855206994,0.11022812873125076,0.008687557652592659,61.27274627204895,25.32,16.494380950927734,-0.4425390660762787,-0.23257562518119812,1.000606894493103,-2.9350521564483643,2.435730218887329,-0.012728522531688213,0.18960368706171063,0.1066350710900474
b8,golden,CD210,1764094627.887948,1,135.0,1.0503201077719695,0.5088104764991435,0.1123437684426795,0.11293002963066101,-0.06950756907463074,62.27799712562562,45.0,16.497024536132812,-0.3924816846847534,-0.26765507459640503,1.0005689859390259,-2.9328622817993164,2.4406988620758057,-0.012635220773518085,0.3747019405979846,0.6293333333333333
b8,golden,CD210,1764094627.887948,1,180.0,2.819752423874716,1.4522585510002213,0.13666128307401676,0.08442646265029907,-0.03922027349472046,61.86678839431763,38.7,16.49852180480957,-0.37460142374038696,-0.3131384253501892,1.0005391836166382,-2.9308483600616455,2.445250988006592,-0.012549197301268578,0.13673045218180438,0.13643410852713178
b8,golden,CD210,1764094627.887948,1,630.0,1.2738934595380793,0.5602236932617044,0.08581375139934037,0.15273837745189667,0.03073696233332157,60.116516645660404,31.76,16.468902587890625,-0.356248140335083,-0.2489984929561615,1.015027642250061,-2.9183950424194336,2.438770294189453,-0.012017667293548584,0.3144892966343,0.4836272040302267
b8,golden,CD210,1764094627.887948,1,675.0,4.465388295169191,1.7994858317450182,0.19278046133002072,0.07352335751056671,0.005103911738842726,37.54066748836517,28.62,16.47367286682129,-0.3328528106212616,-0.25109586119651794,1.0149555206298828,-2.914860725402832,2.448453664779663,-0.011866630986332893,0.15700945950877473,0.11041229909154437
b8,golden,CD210,1764094627.887948,1,1125.0,3.3235025150748445,1.2017603551954388,0.3771657990187957,0.0946454331278801,-0.008103220723569393,56.187015259323125,27.28,16.439924240112305,-0.35238680243492126,-0.28914469480514526,1.0012001991271973,-2.91076922416687,2.463256597518921,-0.011690197512507439,0.13012286241792081,0.14076246334310852
b8,golden,CD210,1764094627.887948,1,1260.0,3.8340290846933582,1.6623954235516842,0.3596113874432943,0.1444096714258194,-0.021226121112704277,60.14574728977204,27.1,16.595563888549805,-0.4116893708705902,-0.3176847994327545,0.9980967044830322,-2.88704252243042,2.445608139038086,-0.010675137862563133,0.19760381596095486,0.192619926199262
b8,golden,CD210,1764094627.887948,1,1350.0,1.4138991164116375,0.6873919671280154,0.15287971642284368,0.07607956230640411,-0.025277163833379745,62.18461138296128,45.0,16.73712921142578,-0.4061533808708191,-0.462959885597229,0.9960074424743652,-2.878126621246338,2.447538137435913,-0.010293802246451378,0.26204992826325035,0.33466666666666667
b8,golden,CD210,1764094627.887948,1,1395.0,2.283685184613867,1.005227787862748,0.14673368116338276,0.13228660821914673,-0.04932643473148346,62.13890943515778,28.94,16.740388870239258,-0.4329644441604614,-0.6257302165031433,0.9959254264831543,-2.8801372051239014,2.4602935314178467,-0.010379723273217678,0.2555767933913177,0.2736696613683483
b8,golden,CD210,1764094627.887948,1,1620.0,1.225862972962943,0.5638085664583676,0.11708264230968807,0.06828168779611588,0.0448976531624794,62.68021181259156,45.0,16.76036262512207,-0.49128782749176025,-0.519261360168457,0.9950740337371826,-2.8775107860565186,2.4467012882232666,-0.01026452612131834,0.17212783507359422,0.17155555555555554
b5,weak,CD210,1764094628.5455053,2,90.0,2.6400898951633063,0.9560175565268122,0.07866525002488699,0.1297949254512787,-0.10439226031303406,47.91671842285156,33.08,16.605419158935547,0.029392004013061523,-0.6574289798736572,0.9999842643737793,-2.9191315174102783,2.4672927856445312,-0.011961500160396099,0.2609938938914759,0.5870616686819831
b5,weak,CD210,1764094628.5455053,2,360.0,3.4865925020775785,1.3784279788995406,0.16504905928779295,0.12218299508094788,-0.06222059205174446,49.81633909378052,30.4,16.609657287597656,-0.2301076352596283,-0.5675439834594727,1.0003020763397217,-2.926693916320801,2.4928483963012695,-0.012288147583603859,0.2107802346168628,0.24605263157894736
b5,weak,CD210,1764094628.5455053,2,405.0,4.369894500819151,1.7074639219497423,0.2749564508114905,0.2144472897052765,0.061153583228588104,53.36974606803894,45.0,16.668785095214844,-0.36497366428375244,-0.6478046178817749,0.9995630979537964,-2.9280283451080322,2.5033013820648193,-0.012346138246357441,0.1016515537116962,0.024444444444444446
b5,weak,CD210,1764094628.5455053,2,450.0,4.073985195855481,1.6149586986812088,0.24359562829498144,0.15473705530166626,-0.05877304449677467,53.59076788114548,44.36,16.678926467895508,-0.43179023265838623,-0.5880137085914612,0.9993652701377869,-2.932521104812622,2.507692337036133,-0.012541739270091057,0.16552016633607938,0.09197475202885483
b5,weak,CD210,1764094628.5455053,2,540.0,4.1666794367266755,1.5109791090604923,0.26343737678545326,0.1617502123117447,-0.020589137449860573,44.21210867799759,45.0,16.681278228759766,-0.5318623781204224,-0.6327196359634399,0.9986515045166016,-2.9371681213378906,2.5168235301971436,-0.012743319384753704,0.11143186645455219,0.0008888888888888889
b5,weak,CD210,1764094628.5455053,2,585.0,1.8297946756489092,0.7565469935231538,0.14776824316717035,0.09354759752750397,-0.04735029116272926,49.120768376083376,32.74,16.684165954589844,-0.599800169467926,-0.6873217821121216,0.9985441565513611,-2.9444305896759033,2.522489070892334,-0.01306096464395523,0.14903898999958487,0.12339645693341478
b5,weak,CD210,1764094628.5455053,2,900.0,1.1918914862876577,0.5664943180869576,0.137945038503123,0.10722479969263077,-0.07265453040599823,62.3429756826973,45.0,16.714385986328125,-0.5691976547241211,-0.4403377175331116,0.9979636669158936,-2.952836513519287,2.4890260696411133,-0.01342745404690504,0.18409230279664146,0.2911111111111111
b5,weak,CD210,1764094628.5455053,2,1395.0,2.7381015493012635,1.070290720238254,0.17525263484804343,0.1680404096841812,-0.16456077992916107,49.03826252576829,27.88,16.66609764099121,-0.6039814949035645,-0.4317028820514679,0.9963886141777039,-2.9547998905181885,2.476778745651245,-0.013510058633983135,0.2974600422847115,0.9332855093256814
b5,weak,CD210,1764094628.5455053,2,1575.0,2.898059661607458,1.0946669154418944,0.12491150853036877,0.1540936976671219,-0.055221229791641235,50.141114546966556,25.26,16.670045852661133,-0.6370968818664551,-0.569797158241272,0.9961176514625549,-2.947328567504883,2.4830172061920166,-0.013185014016926289,0.24398903217090329,0.5724465558194775
b5,weak,CD210,1764094628.5455053,2,2115.0,1.2197955392545226,0.551298477814438,0.11596108904072447,0.11138968169689178,-0.059242866933345795,62.99510363023758,45.0,16.533254623413086,-0.5319766998291016,-0.34810906648635864,0.9967796802520752,-2.970525026321411,2.487946033477783,-0.01419318187981844,0.21812556055040724,0.4048888888888889
b5,weak,CD210,1764094628.5455053,2,2250.0,1.0135945150914492,0.509119675598243,0.09872296763128209,0.06544985622167587,-0.036653365939855576,58.80315150737763,45.0,16.54617691040039,-0.5453687906265259,-0.4413682222366333,0.996468186378479,-2.9664368629455566,2.5017261505126953,-0.014013269916176796,0.16600557320467246,0.20533333333333334
b5,weak,CD210,1764094628.5455053,2,2295.0,0.9110313493946774,0.4317660146362955,0.11038312022533457,0.11550658941268921,0.08893231302499771,63.20777779260636,45.0,16.54842185974121,-0.5436891317367554,-0.6633021235466003,0.9963852167129517,-2.968446969985962,2.485321044921875,-0.014100044965744019,0.19774729051199844,0.33644444444444443
b5,weak,CD210,1764094628.5455053,2,2340.0,2.7962403722346427,1.0460397828075139,0.14020879555950042,0.06760451942682266,-0.04256119579076767,51.84112972621918,28.46,16.54930305480957,-0.5520163774490356,-0.45417115092277527,0.9963420033454895,-2.959650993347168,2.4917798042297363,-0.013714279048144817,0.16412673497932248,0.24877020379479972
b2,weak,CD210,1764094628.939808,3,90.0,3.4293698652557545,1.2148942670720295,0.1036597633540241,0.0959613248705864,-0.04131051152944565,55.010785830821995,35.0,16.746522903442383,-0.6473970413208008,-0.29644012451171875,1.0000709295272827,-2.8888800144195557,2.498481035232544,-0.01066016685217619,0.11227785059299068,0.05942857142857143
b2,weak,CD210,1764094628.939808,3,135.0,1.4954243759284833,0.6659083612497637,0.08894478833733527,0.18992304801940918,-0.18079780042171478,59.48865725799561,45.0,16.747421264648438,-0.5530820488929749,-0.27028369903564453,1.0000567436218262,-2.888737678527832,2.492677927017212,-0.010653972625732422,0.27746840134796275,0.676
b2,weak,CD210,1764094628.939808,3,180.0,2.5873801722844094,1.0497475541210926,0.12663217442042501,0.19118283689022064,-0.1705225259065628,49.9522566822815,37.76,16.74833106994629,-0.5165718793869019,-0.45244595408439636,1.0000262260437012,-2.8898026943206787,2.4962542057037354,-0.010700346902012825,0.19383492151011955,0.3686440677966102
b2,weak,CD210,1764094628.939808,3,315.0,4.351767576441034,1.272141542592254,0.1724435839634263,0.09830055385828018,-0.06619679182767868,48.93749978942871,31.62,16.762725830078125,-0.38661274313926697,-0.25583961606025696,0.9998658895492554,-2.888864040374756,2.4819533824920654,-0.01066137570887804,0.14249086644565434,0.17773561037318153
bb_tonight_weak,weak,CD210,1764094629.4364252,4,180.0,1.2725517677665341,0.5682202034993242,0.13767462699418753,0.10397667437791824,-0.07602640986442566,57.303232481613165,45.0,17.089603424072266,0.12212882936000824,0.3646731376647949,1.0003341436386108,-2.890028715133667,2.4739701747894287,-0.010789735242724419,0.19569426067382456,0.20622222222222222
bb_tonight_weak,weak,CD210,1764094629.4364252,4,225.0,1.5814188365925785,0.583968675045395,0.11016119627759426,0.043804604560136795,-0.023429589346051216,56.695933957176216,26.5,17.089385986328125,0.14169663190841675,0.19149620831012726,1.0003349781036377,-2.891166925430298,2.478278398513794,-0.010838833637535572,0.13388596230169542,0.0037735849056603774
bb_tonight_weak,weak,CD210,1764094629.4364252,4,360.0,1.1897640004220094,0.5516862911176613,0.09448158166173705,0.15813621878623962,-0.08763709664344788,57.09233323501587,37.78,17.106979370117188,0.20322561264038086,0.23187440633773804,1.0000122785568237,-2.8947057723999023,2.455195903778076,-0.01099188532680273,0.2597060932193718,0.6511381683430386
op_7f,unknown/manual,OPM7,1764094631.2689874,6,270.0,1.9590593205948716,0.9040450862520474,0.2285702574093711,0.13583771884441376,-0.1009284034371376,50.69884342853547,45.0,16.50537109375,-0.3617739677429199,0.0881619080901146,0.9993571639060974,-3.0224478244781494,2.4710123538970947,-0.01653340272605419,,
op_7f,unknown/manual,OPM7,1764094631.2689874,6,315.0,2.1626704668369907,0.8813138432060992,0.12230656009422203,0.15655691921710968,-0.10134708136320114,45.5726690826416,30.06,16.516155242919922,-0.2324242889881134,0.019966326653957367,0.99908846616745,-3.0261332988739014,2.480736017227173,-0.016691869124770164,,
op_7f,unknown/manual,OPM7,1764094631.2689874,6,405.0,1.5105836857302866,0.5881041458790702,0.08849651177890613,0.13293924927711487,-0.04917162284255028,48.3394726399231,29.84,16.530590057373047,-0.08069860935211182,-0.008985377848148346,0.9985460638999939,-3.0308890342712402,2.4894590377807617,-0.01689857430756092,,
op_7f,unknown/manual,OPM7,1764094631.2689874,6,675.0,3.1360882993524677,1.1312565442343538,0.3847311083989748,0.19393965601921082,0.02695806883275509,49.004852723007204,29.82,16.69884490966797,0.028230438008904457,0.1772276759147644,0.9957459568977356,-3.035155773162842,2.4646716117858887,-0.017072785645723343,,
op_7f,unknown/manual,OPM7,1764094631.2689874,6,720.0,1.2596033570779026,0.5794745913690795,0.13203516364290382,0.1350540965795517,-0.1282806098461151,56.945682952709205,45.0,16.698049545288086,0.0489710234105587,0.06066950410604477,0.9957430958747864,-3.045043468475342,2.4645509719848633,-0.01749836839735508,,
op_7f,unknown/manual,OPM7,1764094631.2689874,6,765.0,2.7986827351457313,1.0087274380226368,0.21017739214750775,0.0987526997923851,0.03868645802140236,45.168952543869025,28.28,16.69610023498535,0.007956620305776596,-0.1587013602256775,0.9957349300384521,-3.0436935424804688,2.477822780609131,-0.0174361914396286,,
op_7f,unknown/manual,OPM7,1764094631.2689874,6,855.0,1.0729085057010652,0.4943252591316011,0.14071646289728423,0.13189935684204102,-0.005311601795256138,52.01403894870759,31.94,16.69832992553711,-0.02626793086528778,-0.06206805631518364,0.995640754699707,-3.0538480281829834,2.478595733642578,-0.01787569932639599,,
b4,weak,CD210,1764094631.741736,8,135.0,3.82256306686324,1.0859185138023453,0.11596748324900094,0.06690780818462372,-0.04775416478514671,59.61050991899491,25.12,16.557355880737305,-0.3882758319377899,0.7070496082305908,1.0000200271606445,-2.8976948261260986,2.4704155921936035,-0.011042263358831406,0.09474914643638847,0.0015923566878980893
b4,weak,CD210,1764094631.741736,8,180.0,1.2476420783733966,0.5892920633044685,0.11387347882525395,0.14776283502578735,-0.1443946212530136,60.59134501415254,45.0,16.559066772460938,-0.2612818479537964,0.7595075368881226,1.0000005960464478,-2.8996496200561523,2.473602294921875,-0.011126521974802017,0.20880362761086327,0.404
b4,weak,CD210,1764094631.741736,8,225.0,0.8751355300748613,0.45724237294026215,0.1165065660546539,0.08291201293468475,-0.05774097144603729,61.02087463085175,37.78,16.56351089477539,-0.05504149943590164,0.7813884019851685,0.9999411106109619,-2.9000747203826904,2.4813406467437744,-0.011144803836941719,0.17231517819707096,0.1455796717840127
b4,weak,CD210,1764094631.741736,8,270.0,1.7326993976792229,0.7849325965751226,0.1727678936908235,0.15988674759864807,-0.049676474183797836,60.96856368177414,45.0,16.57231330871582,0.21051008999347687,0.7256208658218384,0.9997961521148682,-2.8984415531158447,2.486280918121338,-0.011073790490627289,0.20232833514218582,0.31333333333333335
b4,weak,CD210,1764094631.741736,8,315.0,1.1743327799945638,0.5585134152526817,0.08738697934313017,0.07194727659225464,-0.05051115155220032,60.796422451686865,40.24,16.579744338989258,0.3332282304763794,0.7053548097610474,0.999656081199646,-2.8998935222625732,2.48728346824646,-0.011136546730995178,0.2504624489785034,0.5999005964214712
b4,weak,CD210,1764094631.741736,8,945.0,1.8991619373736428,0.8169364232771736,0.1907373012975189,0.10806142538785934,-0.06125054135918617,49.61252457708359,45.0,16.592975616455078,0.6499090194702148,0.5879544019699097,0.9998829364776611,-2.914633274078369,2.48079514503479,-0.0117723997682333,0.2159784604881137,0.4888888888888889
b4,weak,CD210,1764094631.741736,8,2025.0,3.0063694763497675,1.1257094815381723,0.16994277875982755,0.10855349153280258,0.008892240934073925,45.75011799354554,26.14,16.619585037231445,0.517279326915741,0.2762036621570587,0.9480082392692566,-2.967529058456421,2.497241973876953,-0.01406280230730772,0.15478405350128815,0.001530221882172915
b4,weak,CD210,1764094631.741736,8,2115.0,5.2673602515496185,1.898378195571384,0.35460290779500503,0.1635192483663559,-0.07378830760717392,33.81523448287964,31.58,16.62143898010254,0.4048748016357422,0.4356819987297058,0.947424590587616,-2.957277297973633,2.4885263442993164,-0.013616103678941727,0.07698581999886883,0.0
b4,weak,CD210,1764094631.741736,8,2205.0,3.0268875542484173,1.1682239225435163,0.16562014840388023,0.15458011627197266,-0.004041646141558886,51.9888615978241,35.44,16.64498519897461,0.39193475246429443,0.3729372024536133,0.9469457864761353,-2.9384074211120605,2.4928834438323975,-0.012797277420759201,0.13266147802398526,0.030474040632054177
op_9b,weak,OPM7,1764094632.678022,9,540.0,0.647538383210916,0.396437025751681,0.1617285334966186,0.11261768639087677,-0.09997145086526871,75.89972474586487,37.46,16.71242904663086,-1.7228965759277344,-1.8295025825500488,0.9980100393295288,-2.9823482036590576,2.3447861671447754,-0.014746312983334064,0.24734656701224206,0.6705819540843566
op_9b,weak,OPM7,1764094632.678022,9,585.0,0.5453261976251135,0.29377738419524,0.14491484196460996,0.08536157011985779,-0.06796511262655258,74.86449232227326,45.0,16.712120056152344,-1.7522201538085938,-1.867158055305481,0.9979981184005737,-2.985931873321533,2.3343114852905273,-0.01487123966217041,0.20521518750377143,0.4671111111111111
op_9b,weak,OPM7,1764094632.678022,9,1080.0,4.102290742591137,1.4958513001553166,0.21515109452656994,0.19925978779792786,0.19925978779792786,38.12332625659943,25.38,16.70977020263672,-1.406380295753479,-0.9637382626533508,0.9964224696159363,-2.992307424545288,2.410788059234619,-0.015092568472027779,0.30000001192092896,1.0
op_9b,weak,OPM7,1764094632.678022,9,1485.0,1.5629565173871138,0.6727730258633345,0.19303023460617227,0.06296834349632263,-0.017255837097764015,52.86569132205963,34.28,16.526012420654297,-0.9804916381835938,-1.0026562213897705,0.9897868037223816,-2.907813549041748,2.385946273803711,-0.011541636660695076,0.09983541550330359,0.047841306884480746
op_9b,weak,OPM7,1764094632.678022,9,1935.0,4.973226829455237,1.8822097705135639,0.4828292062129645,0.11393500864505768,0.008775816299021244,52.438715280094144,30.12,16.524272918701172,-0.7903936505317688,-0.7179760932922363,0.9885876178741455,-2.9252636432647705,2.3644943237304688,-0.012268411926925182,0.20999622679469135,0.33200531208499334
op_9b,weak,OPM7,1764094632.678022,9,2115.0,1.9244660319871114,0.8312742326359264,0.20785785739363447,0.11248963326215744,-0.09099549800157547,50.2724497808075,27.5,16.524911880493164,-0.7397122979164124,-0.8584935069084167,0.9878185391426086,-2.93025541305542,2.3817434310913086,-0.012475370429456234,0.13942937792430896,0.2741818181818182
b1,weak,CD210,1764094644.193775,11,90.0,3.6916238243547843,1.6124019364349664,0.1548905494092939,0.08813831210136414,0.01317055243998766,56.257708959846504,27.42,16.67747688293457,-0.2342502325773239,-0.7265808582305908,1.0006256103515625,-2.8797645568847656,2.4853081703186035,-0.010265262797474861,0.12968412386510397,0.11013858497447118
b1,weak,CD210,1764094644.193775,11,135.0,1.3343983185764787,0.5915979417063327,0.09920445431068274,0.17112818360328674,-0.16835246980190277,59.18771943561554,38.3,16.680177688598633,-0.3564770519733429,-0.7069980502128601,1.0005279779434204,-2.879378318786621,2.485323190689087,-0.010248369537293911,0.2325751439312286,0.44595300261096604
b1,weak,CD210,1764094644.193775,11,180.0,2.052109923606779,0.8707376068748652,0.12360060603821064,0.1537759155035019,-0.14661119878292084,57.420105991878515,45.0,16.67815589904785,-0.4951675534248352,-0.777344822883606,1.0005344152450562,-2.881664276123047,2.4905195236206055,-0.010347391478717327,0.27186471170880716,0.7337777777777778
b1,weak,CD210,1764094644.193775,11,405.0,4.516183937448661,1.7035909312058832,0.46836345315621314,0.19735483825206757,-0.007303300313651562,54.79756767383576,29.44,16.761770248413086,-0.6675106883049011,-0.5589286684989929,0.9994041919708252,-2.8738458156585693,2.5080902576446533,-0.010006281547248363,0.21418139478951465,0.3641304347826087
b1,weak,CD210,1764094644.193775,11,450.0,4.79123616277368,1.8169343271508922,0.3911101033247806,0.24136632680892944,-0.18827515840530396,50.104112246418,25.76,16.776554107666016,-0.6653578281402588,-0.6004105806350708,0.9990938901901245,-2.8747928142547607,2.508625030517578,-0.010048042982816696,0.23976433359508806,0.44332298136645965
b1,weak,CD210,1764094644.193775,11,540.0,3.9759774722411327,1.5064983666446339,0.37226443289316113,0.15669265389442444,0.03521881252527237,55.07836276218415,29.6,16.832565307617188,-0.6984478831291199,-0.6691339015960693,0.9977099895477295,-2.873816728591919,2.495849370956421,-0.010006636381149292,0.1904229717901812,0.2527027027027027
b1,weak,CD210,1764094644.193775,11,630.0,5.126727326791624,1.7220975037225772,0.39018004243314874,0.13109903037548065,-0.022813063114881516,50.102975191001896,31.34,16.856325149536133,-0.610607922077179,-0.5279227495193481,0.997572660446167,-2.874189853668213,2.4817562103271484,-0.010022752918303013,0.17300763967270008,0.19400127632418634
b1,weak,CD210,1764094644.193775,11,675.0,1.6076682139323437,0.651483415373595,0.12244034113058729,0.08530808985233307,-0.07376404106616974,57.02376218015671,37.28,16.856550216674805,-0.6003828048706055,-0.6003905534744263,0.9975364208221436,-2.87433123588562,2.4841699600219727,-0.010028422810137272,0.25181159402399106,0.5429184549356223
op_a0,weak,OPM7,1780144439.0744872,12,225.0,1.0517839987663564,0.5229836924916351,0.1199913423597512,0.13349242508411407,-0.10332315415143967,62.90450186002732,37.8,16.365066528320312,0.5609060525894165,1.3259925842285156,1.0010448694229126,-2.8273441791534424,2.468552589416504,-0.008037347346544266,0.20459023161448042,0.39735449735449735
op_a0,weak,OPM7,1780144439.0744872,12,270.0,0.8481772233910831,0.4324332454261879,0.17303354717814154,0.08878142386674881,-0.06941166520118713,62.97322224674225,45.0,16.373271942138672,0.7735983729362488,1.2127995491027832,1.0009478330612183,-2.830740451812744,2.472069025039673,-0.00818367674946785,0.1885683866823889,0.2577777777777778
op_a0,weak,OPM7,1780144439.0744872,12,315.0,1.3942130288205297,0.6989344443214485,0.2177075250080071,0.1270187646150589,-0.10546953231096268,62.93354903928757,45.0,16.376766204833984,0.8947169184684753,1.21980881690979,1.0008368492126465,-2.8345253467559814,2.479550361633301,-0.008346999995410442,0.2342414833954785,0.5071111111111111
op_a0,weak,OPM7,1780144439.0744872,12,360.0,1.2465342285183159,0.5794679982023708,0.21460427834703102,0.13488134741783142,-0.007738220505416393,63.15418898950577,37.8,16.3981990814209,0.9926851987838745,1.248098611831665,1.0004851818084717,-2.840081214904785,2.4815986156463623,-0.00858719740062952,0.2210138062767915,0.44603174603174606
op_a0,weak,OPM7,1780144439.0744872,12,585.0,4.358503912556764,1.6244793647997464,0.5908901830299584,0.22775763273239136,0.04162098839879036,54.45866116046906,28.12,16.507179260253906,1.03635835647583,0.8212435245513916,1.0021460056304932,-2.8445634841918945,2.493868827819824,-0.0087797986343503,0.18439862184961764,0.3577524893314367
op_a0,weak,OPM7,1780144439.0744872,12,720.0,1.5785171147863737,0.6927390196960278,0.19580585601205566,0.13463062047958374,-0.12943165004253387,53.553919179077155,25.34,16.58918571472168,0.8241853713989258,0.6532863974571228,1.0007848739624023,-2.8685803413391113,2.5032272338867188,-0.009827161207795143,0.2003932070514869,0.46250986582478293
