drive_id,route_counter,wall_date,date,n_segs,n_elig,engaged_frac,weave_path,weave_steer,hunt_steer,centering_abs,centering_signed,spd_mph,sr_start,sr_end,aoa_start,aoa_end,stf,cal_yaw,cal_pitch,cal_roll,calperc_start,calperc_min,calperc_end,lc_kp,pi_set,pi_bin,is_reset,epoch,drives_since_reset,days_since_reset
route_stock,-1,1772209690.7711194,2026-02-27 16:28,41,9,0.2943942429570266,2.4380019141694502,1.0343079212811574,0.16534148579897,0.1194113716483116,-0.0976326689124107,43.90338853261947,16.916006088256836,16.75227928161621,0.1950232237577438,-0.5019121766090393,1.0464529991149902,-3.351167917251587,2.5136499404907227,-0.015117835253477,100.0,100.0,100.0,,unknown/manual,0,True,1,0.0,0.0
route_1b,27,1773245320.9326644,2026-03-11 16:08,61,12,0.4977276496931497,1.189361064059804,0.6719807405878927,0.1152883506169737,0.1729925945401191,-0.1528109796345234,75.01474363561631,16.87133026123047,17.07498550415039,-0.1650247424840927,-0.4423819184303283,1.192145586013794,-3.5655362606048584,2.5315358638763428,-0.030767448246479,100.0,100.0,100.0,,unknown/manual,0,False,1,1.0,11.98646020306713
route_41,65,1774272158.252988,2026-03-23 13:22,11,6,0.6329735333577265,2.4743196350248313,0.9434170320197952,0.1309283637702264,0.151093378663063,-0.0872391387820243,45.70224860052109,16.93932342529297,16.924104690551758,-0.5982338786125183,-0.5601312518119812,1.0080305337905884,-3.1113295555114746,2.4711713790893555,-0.010296125896275,100.0,100.0,100.0,,unknown/manual,0,False,1,2.0,23.87115141050926
route_43,67,1774274574.380932,2026-03-23 14:02,19,5,0.5829558221288008,0.8724235256714937,0.5865036486206954,0.1419591292345166,0.1290803551673889,-0.1161935776472091,73.949484842453,16.724422454833984,16.77117919921875,-0.4598161280155182,-0.4146786034107208,1.0000386238098145,-3.2020275592803955,2.4664900302886963,-0.0141587750986218,100.0,100.0,100.0,,unknown/manual,0,False,1,3.0,23.899115854305556
route_47,71,1774277264.2882302,2026-03-23 14:47,13,4,0.5216913341913342,0.6881933655796123,0.4154108886353299,0.0619288282110064,0.2006702274084091,-0.1342161558568477,76.30996068679809,16.908939361572266,16.92580795288086,-1.108595609664917,-0.5092858076095581,0.9997546076774596,-3.222249984741211,2.4710206985473633,-0.0150408102199435,100.0,100.0,100.0,0.0001976744097191,weak,0,True,2,0.0,0.0
route_4a,74,1774282529.0044007,2026-03-23 16:15,58,13,0.9153491838885686,0.9308328807386572,0.5430358960166293,0.1294077370482916,0.1286949068307876,-0.0387754775583744,72.27849977596284,17.062314987182617,17.554405212402344,0.188483327627182,-0.067235991358757,0.9908820986747742,-3.238115072250366,2.478226900100708,-0.0156014608219265,100.0,100.0,100.0,9.999999747378752e-05,weak,0,True,3,0.0,0.0
route_4d,77,1774289761.486426,2026-03-23 18:16,83,8,0.93542701425073,0.6137841688558571,0.4183477654065399,0.1258339754504163,0.0905372872948646,-0.0778620541095733,76.63041404941559,17.775341033935547,17.94685173034668,0.4113939702510834,-0.0889663845300674,0.9909462928771972,-3.2306618690490723,2.4689507484436035,-0.0152124958112835,100.0,100.0,100.0,9.999999747378752e-05,weak,0,True,4,0.0,0.0
route_4e,78,1774293475.9682724,2026-03-23 19:17,54,7,0.7584539267955887,1.091779636724736,0.6252316749360832,0.1672434655504885,0.1382694244384765,0.0025479539763182,68.04268675374985,17.94685173034668,17.326066970825195,-0.0889663845300674,0.0702461823821067,0.9951820969581604,-3.1791024208068848,2.463786363601685,-0.012946599163115,100.0,100.0,100.0,9.999999747378752e-05,weak,0,False,4,1.0,0.04299168803240741
route_0c,12,1774825984.0812883,2026-03-29 23:13,39,8,0.7783322936161364,0.9830912816093706,0.5032250838558205,0.1446738518507214,0.2009976059198379,-0.1875375211238861,64.78168968625069,16.578317642211914,16.853870391845703,-1.8994691371917725,-0.4819418489933014,1.001508712768555,-2.853216648101806,2.392126083374023,-0.0110403867438435,100.0,100.0,100.0,,unknown/manual,0,True,5,0.0,0.0
route_0d,13,1774994380.7483804,2026-03-31 21:59,31,7,0.6299421117713361,1.5192207136600735,0.7016668016010553,0.1548431260617086,0.2450594007968902,-0.1826072633266449,56.50057802345276,16.915830612182617,16.904645919799805,-0.4293176233768463,-0.98454350233078,0.9951435327529908,-2.873246192932129,2.4028260707855225,-0.0118703451007604,100.0,100.0,100.0,,unknown/manual,0,False,5,1.0,1.9490354987499998
route_0f,15,1775000460.378852,2026-03-31 23:41,21,4,0.5025962224962679,2.1383583418754535,0.8286299071680447,0.179251653439539,0.183299034833908,-0.0934254601597786,49.27052689430237,16.898147583007812,16.913822174072266,-0.8198094964027405,-0.7772703766822815,0.9982593059539796,-2.8660218715667725,2.4157907962799072,-0.0115608368068933,100.0,100.0,100.0,,unknown/manual,0,False,5,2.0,2.019401592164352
route_10,16,1775002344.9971533,2026-04-01 00:12,27,6,0.6872358086967627,1.59224862064535,0.6904315170603331,0.1389999747334911,0.1351744011044502,-0.1114036627113819,55.89785652039528,16.913822174072266,16.770755767822266,-0.7772703766822815,-0.5698486566543579,0.997959554195404,-2.931788206100464,2.4295589923858643,-0.0143467718735337,100.0,100.0,100.0,,unknown/manual,0,False,5,3.0,2.0412143039814814
route_14,20,1775393015.60972,2026-04-05 12:43,7,3,0.3626771178776002,0.8288258929656327,0.388586026222765,0.1305218565160628,0.1482066214084625,-0.1480880081653595,59.694515487804416,16.92164421081543,16.801471710205078,-0.0966188758611679,-1.144003987312317,0.9987280368804932,-2.8912506103515625,2.4009056091308594,-0.012595391832292,100.0,100.0,100.0,,unknown/manual,0,True,6,0.0,0.0
route_15,21,1775395280.6338627,2026-04-05 13:21,34,8,0.7762014187231492,1.5072836254759905,0.6405958843770228,0.1733795534533785,0.1876106038689613,-0.1213762871921062,54.58425138448716,16.809206008911133,16.835725784301758,-1.116047501564026,-1.1299370527267456,0.9983456134796144,-2.852962017059326,2.333603858947754,-0.0110034672543406,100.0,100.0,100.0,,unknown/manual,0,False,6,1.0,0.026215557199074077
route_16,22,1775431280.132508,2026-04-05 23:21,40,4,0.759125512395081,1.6353243383466185,0.7423123962703161,0.1050007639478251,0.2086540982127189,-0.173339769244194,56.93307294414521,16.835725784301758,17.11701202392578,-1.1299370527267456,-0.6126704812049866,0.9924793243408204,-2.874295949935913,2.5220344066619873,-0.0116847697645425,100.0,100.0,100.0,,unknown/manual,0,False,6,2.0,0.44287642115740744
route_1c,28,1775487330.8011544,2026-04-06 14:55,48,5,0.6048385738585648,1.2755583276749958,0.6568929988974624,0.1402246023244091,0.1013759523630142,0.0257042273879051,72.92661282989502,16.7442684173584,17.098236083984375,-0.7559530735015869,-0.3296360373497009,0.9957091808319092,-3.4575560092926025,2.59928560256958,-0.0258921943604946,100.0,100.0,100.0,,unknown/manual,0,False,6,3.0,1.0916110119675926
route_25,37,1775496190.5133195,2026-04-06 17:23,47,5,0.2654844980211727,0.704725965553033,0.4257706945600696,0.1581527387626314,0.2549041211605072,0.2475502341985702,72.46567232398988,16.893569946289062,16.795835494995117,-0.0808493196964263,0.2229312658309936,1.0042959451675415,-2.996095895767212,2.385345458984375,-0.0166691988706588,100.0,100.0,100.0,,unknown/manual,0,False,6,4.0,1.1941539768402778
route_27,39,1775498980.4892735,2026-04-06 18:09,50,6,0.7269748281304336,0.6342475924316604,0.3779908162209356,0.1450662368680327,0.1749103516340255,0.1150882206857204,74.94262914915086,16.861347198486328,16.593721389770508,0.2537080943584442,0.2667977809906006,0.9992934465408324,-3.0767011642456055,2.38950252532959,-0.0199886709451675,100.0,100.0,100.0,,unknown/manual,0,False,6,5.0,1.2264453651967593
route_3a,58,1775822514.1785495,2026-04-10 12:01,11,3,0.5869718724255619,1.704731665984729,0.6785348262991282,0.1204176143408165,0.1091633215546608,-0.0870446860790252,62.01544825674058,16.425838470458984,16.34149932861328,-0.4013879001140594,0.2301783710718155,1.0004489421844482,-2.9473588466644287,2.4253883361816406,-0.0143635738641023,100.0,100.0,100.0,,unknown/manual,0,True,7,0.0,0.0
route_3c,60,1775934691.1293066,2026-04-11 19:11,107,6,0.6373606594006802,0.9868084564002412,0.5216438768955947,0.101262180147688,0.0954137854278087,-0.0555569576099514,62.02829506296158,16.340373992919922,16.756990432739258,-0.1521172374486923,-0.9482421875,0.9925910234451294,-2.9295406341552734,2.437103748321533,-0.0136101404204964,100.0,100.0,100.0,,unknown/manual,0,False,7,1.0,1.2983443374652777
route_3d,61,1775947574.804027,2026-04-11 22:46,95,10,0.6658265423282645,1.2394645514914466,0.5943685457941406,0.1576792655418424,0.1339930519461631,-0.0388088095933198,61.66562985134125,16.74761962890625,16.798194885253906,-0.9385966062545776,-0.0377781130373477,1.0002548694610596,-2.874629497528076,2.4730427265167236,-0.0112484265118837,100.0,100.0,100.0,,unknown/manual,0,False,7,2.0,1.4474609430208332
route_3e,62,1775999585.4510295,2026-04-12 13:13,17,5,0.7950918762088974,1.3895794288242953,0.6121385999703278,0.2181472774167591,0.1300676763057708,-0.0821611583232879,59.25559716400147,16.791757583618164,16.745882034301758,-0.0623075142502784,-0.180680975317955,0.9995512962341307,-2.86138916015625,2.491966485977173,-0.0106729855760931,100.0,100.0,100.0,,unknown/manual,0,False,7,3.0,2.0494360240740743
route_3f,63,1776001256.2742577,2026-04-12 13:40,41,16,0.5952856572113464,1.291301922023365,0.5945516168431015,0.1278198729110317,0.191478244960308,-0.0761963352560997,63.826492737417226,16.809356689453125,16.44486427307129,-0.1805161386728286,0.6507266759872437,0.9980405569076538,-2.8164141178131104,2.458296775817871,-0.0087310811504721,100.0,100.0,100.0,,unknown/manual,0,False,7,4.0,2.06877425587963
route_40,64,1776004550.5020194,2026-04-12 14:35,61,15,0.6978079841922981,1.4933465589095636,0.6514159188836431,0.1595560724787936,0.1939467787742614,-0.1490792036056518,62.04712154335022,16.50079345703125,16.612733840942383,0.6149128675460815,0.8602790832519531,0.996874451637268,-2.7849373817443848,2.455503225326538,-0.0073789423331618,100.0,100.0,100.0,,unknown/manual,0,False,7,5.0,2.106901892002315
route_55,85,1776454540.6290452,2026-04-17 19:35,71,4,0.5403370754796879,1.287353303015308,0.6733013411869477,0.1579173514910744,0.1983805298805236,0.0615660194307565,73.29333773468018,16.551048278808594,16.488872528076172,-0.289992481470108,-0.5930122137069702,0.9984291791915894,-2.863276243209839,2.438906192779541,-0.0108516961336135,100.0,100.0,100.0,,unknown/manual,0,True,8,0.0,0.0
route_57,87,1776462130.993789,2026-04-17 21:42,75,11,0.4508966922020989,1.3011295306337358,0.5911020127545831,0.12581027418141,0.1780637055635452,-0.1613833755254745,71.55925569250107,16.496305465698242,16.731365203857422,-0.6002858281135559,0.3787028789520263,0.9967071413993835,-2.841355562210083,2.4502100944519043,-0.0099225845187902,100.0,100.0,100.0,,unknown/manual,0,False,8,1.0,0.08785144378472222
route_59,89,1776525755.7975411,2026-04-18 15:22,85,5,0.7259693736960201,1.697479492407819,0.7725578438564392,0.1214205990149159,0.2535403966903686,-0.1746285259723663,52.466595537567144,16.678157806396484,16.716157913208008,-0.932668387889862,-0.8501343131065369,1.0068055391311646,-2.878556251525879,2.3994572162628174,-0.0115072755143046,100.0,100.0,100.0,,unknown/manual,0,True,9,0.0,0.0
route_5c,92,1776550234.7799325,2026-04-18 22:10,87,5,0.5592066767269256,1.4616484264631922,0.6576852745559827,0.1411480412537399,0.1453515887260437,-0.1262778341770172,51.70064684955597,16.610048294067383,16.66390037536621,0.1495750695466995,-0.6118469834327698,0.9964733123779296,-2.9370784759521484,2.419860363006592,-0.0138941723853349,100.0,100.0,100.0,,unknown/manual,0,True,10,0.0,0.0
route_5d,93,1776607754.5297964,2026-04-19 14:09,71,4,0.7650900712580246,3.3908793148242244,1.3090310995702246,0.4222902989972602,0.2149279788136482,-0.1204343931749463,48.715210788860325,16.66390037536621,16.758028030395508,-0.6118469834327698,-1.0328949689865112,0.9962606430053712,-2.929868221282959,2.492039442062378,-0.0135765643790364,100.0,100.0,100.0,,unknown/manual,0,False,10,1.0,0.665737845636574
route_5f,95,1776635410.7163506,2026-04-19 21:50,81,5,0.5509813506101855,1.0538356791594006,0.4866840839129984,0.1189589186170383,0.1363617926836013,-0.1224250495433807,62.24744809455872,16.868257522583008,16.587942123413086,-1.178378701210022,-0.9184788465499878,0.9973660707473756,-2.928171396255493,2.3266143798828125,-0.0136108612641692,100.0,100.0,100.0,,unknown/manual,0,False,10,2.0,0.9858325974305555
route_60,96,1776809550.4097695,2026-04-21 22:12,103,7,0.628873389932586,1.522659544335779,0.6717127983115988,0.1112540204232024,0.1890106946229934,-0.1753432899713516,54.040905293941506,16.587942123413086,16.598388671875,-0.9184788465499878,-0.864784836769104,0.9971261620521544,-2.886137008666992,2.3204755783081055,-0.0119122778996825,100.0,100.0,100.0,,unknown/manual,0,False,10,3.0,3.001338308298611
route_61,97,1776815870.5140028,2026-04-21 23:57,85,9,0.6322196137946298,1.9421592887333692,0.7409361218355067,0.1454055644322109,0.147703155875206,-0.0525721609592437,46.55424443714142,16.598388671875,16.38346290588379,-0.864784836769104,-0.7340168952941895,0.9961305260658264,-2.9173216819763184,2.3265326023101807,-0.0131740756332874,100.0,100.0,100.0,,unknown/manual,0,False,10,4.0,3.0744876628472224
route_65,101,1777036413.3556576,2026-04-24 13:13,33,4,0.3004677157239684,1.5627796735819517,0.6479434087459139,0.1308209719835669,0.1571507230401039,-0.1531962901353836,59.9939397251606,16.259567260742188,16.113529205322266,0.2119872570037841,-0.7579246163368225,1.0005050897598269,-2.915311813354492,2.4966776371002197,-0.01302738673985,100.0,100.0,100.0,,unknown/manual,0,True,11,0.0,0.0
route_69,105,1777209185.2378676,2026-04-26 13:13,61,12,0.7942764817847815,1.3622654377556835,0.5886172527370463,0.167799290005875,0.120944045484066,0.0075831366702914,53.33966209903717,16.185272216796875,16.465187072753906,-0.7273134589195251,-0.704730212688446,0.9972674250602722,-2.902146577835083,2.3760249614715576,-0.0124329188838601,100.0,100.0,100.0,,unknown/manual,0,False,11,1.0,1.9996745626157408
route_6a,106,1777233660.8566716,2026-04-26 20:01,91,9,0.6600668720907362,1.2234873904120458,0.5588099353624774,0.1384579673629527,0.1012448742985725,0.0348014459013938,53.09976687267304,16.465187072753906,16.54933738708496,-0.704730212688446,-0.6140604615211487,0.989965319633484,-2.9886744022369385,2.4563143253326416,-0.0160449407994747,100.0,100.0,100.0,,unknown/manual,0,False,11,2.0,2.282957187650463
route_6b,107,1777414267.0262172,2026-04-28 22:11,111,13,0.5665886723272867,1.8157765090260407,0.7214755763214062,0.2285636902822825,0.1383701860904693,-0.0469343736767768,48.36622224191666,16.684011459350586,16.738500595092773,-0.6399705410003662,0.1461156457662582,0.98695969581604,-2.9430737495422363,2.4810571670532227,-0.0139830540865659,100.0,100.0,100.0,,unknown/manual,0,False,11,3.0,4.373306372210648
route_6c,108,1777419234.24571,2026-04-28 23:33,45,5,0.4274713871050217,2.189032752594016,0.8625410688206477,0.207017864876907,0.1211637780070304,-0.0153247034177184,52.42656606697083,16.738500595092773,16.575889587402344,0.1461156457662582,-0.873961865901947,1.0,-2.947061538696289,2.4816033840179443,-0.0141363618895411,100.0,100.0,100.0,,unknown/manual,0,False,11,4.0,4.4307973385648145
route_6d,109,1777422924.61516,2026-04-29 00:35,59,7,0.5574988478874189,2.1211964021247383,0.8849510765936698,0.3116811030705776,0.1433303952217102,-0.0484804436564445,52.25123766841889,16.575889587402344,16.745668411254883,-0.873961865901947,-0.6256203651428223,1.0044893026351929,-2.943984270095825,2.4677720069885254,-0.0140025885775685,100.0,100.0,100.0,,unknown/manual,0,False,11,5.0,4.473509947939815
route_6e,110,1777465838.4191844,2026-04-29 12:30,33,5,0.355090861838028,1.3357162632366175,0.5717903046651094,0.1418191027782555,0.1272114366292953,0.0141376694664359,61.18606339639664,16.770767211914062,16.53077507019043,-0.6426239609718323,-0.961213231086731,0.9596807360649108,-2.9799046516418457,2.5058932304382324,-0.015538009814918,100.0,100.0,100.0,,unknown/manual,0,False,11,6.0,4.970197494513889
route_7b,123,1777757751.6290374,2026-05-02 21:35,56,6,0.3569256604792035,1.613665378207615,0.6669829472690432,0.1786660714812182,0.1537737995386123,-0.1272307448089122,52.456554036922455,16.327838897705078,16.283655166625977,-0.6537553668022156,0.0433419644832611,0.9955363869667052,-2.9157347679138184,2.114243745803833,-0.0124736744910478,100.0,100.0,100.0,,unknown/manual,0,False,11,7.0,8.348822608553242
route_7f,127,1777775364.1961532,2026-05-03 02:29,18,7,0.8635778875734129,1.9590593205948716,0.8813138432060992,0.1407164628972842,0.1350540965795517,-0.0491716228425502,49.0048527230072,16.509408950805664,16.665773391723633,-1.4149950742721558,-0.0907199084758758,0.9981772899627686,-3.031748533248902,2.47849178314209,-0.0169259738177061,100.0,100.0,100.0,,unknown/manual,0,True,12,0.0,0.0
route_80,128,1777824500.075801,2026-05-03 16:08,45,12,0.6047220796473537,1.2313984335529828,0.5243494015723927,0.1643762381623432,0.1125561147928237,-0.0181542276404798,62.65604245173455,16.683609008789062,16.233858108520508,-0.1085921600461006,-0.1851886510848999,0.9074828028678894,-3.0119693279266357,2.1784396171569824,-0.0161240827292203,100.0,100.0,100.0,,unknown/manual,0,False,12,1.0,0.5687023107291667
route_87,135,1778170991.309952,2026-05-07 16:23,40,6,0.3212009013461555,0.7022983765372255,0.4654742544195046,0.2098121692295763,0.1432773321866989,-0.081732902675867,75.26030707256317,16.571691513061523,16.590295791625977,0.3485442996025085,-0.0709602236747741,0.9944478273391724,-2.974646806716919,2.509866952896118,-0.0144373644143342,100.0,100.0,100.0,,unknown/manual,0,True,13,0.0,0.0
route_89,137,1778181144.9595306,2026-05-07 19:12,55,10,0.383203125,2.458590199224634,0.961907385917161,0.1796571216752631,0.1279676221311092,-0.0797198377549648,42.3674218635273,16.51959228515625,16.536624908447266,-0.322480708360672,-0.3955859839916229,0.9885071516036988,-2.8837738037109375,2.504347801208496,-0.0104266414418816,100.0,100.0,100.0,,unknown/manual,0,False,13,1.0,0.11751909233796297
route_8f,143,1778614754.8227196,2026-05-12 19:39,26,3,0.3933450859409431,1.1793386622485365,0.5623561272994101,0.1594369719374644,0.1390639096498489,-0.1175040677189827,60.40560605194092,16.304811477661133,16.466035842895508,0.7258114218711853,-0.5593613386154175,1.0009900331497192,-2.9115564823150635,2.452699899673462,-0.0115039758384227,100.0,100.0,100.0,,unknown/manual,0,True,14,0.0,0.0
route_90,144,1778623995.0708845,2026-05-12 22:13,79,5,0.2804097694512169,3.633509680454425,1.27962972910575,0.3991425123616008,0.1859052330255508,0.019770223647356,47.13341310657501,16.474382400512695,16.651731491088867,-0.5684593915939331,-0.8656653165817261,0.9983265995979308,-2.874476909637451,2.467191219329834,-0.0099079860374331,100.0,100.0,100.0,,unknown/manual,0,False,14,1.0,0.10694731671296297
route_91,145,1778630823.8301609,2026-05-13 00:07,41,12,0.668973000041731,2.2643566239398716,0.8675704954445993,0.2223634377274581,0.168219543993473,-0.0642239023000001,48.86648715872765,16.651731491088867,16.558712005615234,-0.8656653165817261,-0.5130914449691772,1.0070654153823853,-2.9226152896881104,2.501556873321533,-0.012000105343759,100.0,100.0,100.0,,unknown/manual,0,False,14,2.0,0.18598388241898148
route_95,149,1779374960.5548556,2026-05-21 14:49,26,10,0.3464191598201829,1.231523352290969,0.5244647087743373,0.130133413810899,0.1034036800265312,-0.0209009465761482,56.664827064962395,16.36704444885254,16.128244400024414,-1.880114197731018,-1.7547926902770996,0.9580538272857666,-2.9254841804504395,2.4800684452056885,-0.0122063588351011,100.0,100.0,100.0,,unknown/manual,0,True,15,0.0,0.0
route_98,152,1779540777.3000178,2026-05-23 12:52,6,3,0.5402831725347701,1.373307818604144,0.6266505062819294,0.1308737599497775,0.1217014417052269,-0.0965908095240593,54.53993182300568,16.348495483398438,16.36392593383789,-0.3478421568870544,-0.4436101913452148,1.0000406503677368,-2.871593475341797,2.510549306869507,-0.0098292371258139,100.0,100.0,100.0,,unknown/manual,0,True,16,0.0,0.0
route_9b,155,1779549400.311574,2026-05-23 15:16,43,6,0.7562980000779697,1.7437112746871126,0.7520236292496305,0.2004440459999033,0.1125536598265171,-0.0426104748621583,52.65220330107689,16.638694763183594,16.352310180664062,-0.8516082763671875,-0.7535543441772461,0.9952969551086426,-2.9369325637817383,2.397543668746948,-0.0127627663314342,100.0,100.0,100.0,9.999999747378752e-05,weak,0,True,17,0.0,0.0
route_9c,156,1779829553.7584174,2026-05-26 21:05,43,5,0.2960054089326006,1.3046382941554553,0.606730466987004,0.1597253670081405,0.0934473052620887,-0.0398531295359134,61.500362153244026,16.447032928466797,16.548259735107422,-0.6863856911659241,-0.0389671102166175,0.9959718585014344,-2.9397339820861816,2.5316689014434814,-0.0129422163590788,100.0,100.0,100.0,0.0001000000047497,weak,0,False,17,1.0,3.2425167458680555
route_9d,157,1779836484.5253143,2026-05-26 23:01,43,11,0.4791192815438366,2.2243711994180755,0.8716891762278686,0.1570665110928144,0.1119006723165512,-0.0434112660586833,45.43403578767777,16.548259735107422,16.527515411376953,-0.0389671102166175,-0.2832269370555877,0.9891453981399536,-2.9409048557281494,2.5479183197021484,-0.0129769230261445,100.0,100.0,100.0,9.999999747378752e-05,weak,0,False,17,2.0,3.322733955324074
route_9e,158,1780071084.101553,2026-05-29 16:11,21,3,0.3549631365655973,1.7460658573486578,0.728026483039677,0.2472749303143687,0.08388552069664,0.0096456073224544,52.06826774547577,16.54533576965332,16.370065689086914,-0.284955233335495,-0.6973293423652649,1.000027418136597,-2.9206502437591553,2.488670587539673,-0.0121292890980839,100.0,100.0,100.0,9.999999747378752e-05,weak,0,False,17,3.0,6.038006828449074
route_a0,160,1780145240.3496978,2026-05-30 12:47,14,6,0.5431722137480933,1.3203736286694228,0.6361035089491993,0.2052050671795433,0.1340615227818489,-0.0863674096763134,62.91902544965744,16.414899826049805,16.579933166503906,0.1188653856515884,0.6907995343208313,1.00077486038208,-2.842667579650879,2.484951972961426,-0.008699033409357,100.0,100.0,100.0,0.0001000000047497,weak,0,True,18,0.0,0.0
route_a1,161,1780146538.795987,2026-05-30 13:08,15,5,0.7872141420754806,1.6558011436732991,0.7292236631400792,0.1506299752892457,0.0811568424105644,-0.0073579256422817,58.96351685398102,16.58954620361328,16.744211196899414,0.7586796879768372,-1.4727641344070437,0.9977527260780334,-2.8590753078460693,2.497809410095215,-0.009413500316441,100.0,100.0,100.0,0.0001000000047497,weak,0,False,18,1.0,0.015028313530092593
route_a5,165,1780435659.520664,2026-06-02 21:27,87,15,0.3391988698645999,1.9294822692080695,0.747131765763249,0.2217855747895562,0.1082968860864639,-0.0212044361978769,45.33905432746887,16.537837982177734,16.313724517822266,-0.2925047576427459,-0.8153098821640015,0.9949280619621276,-2.8988068103790283,2.5032153129577637,-0.0110683785751461,100.0,100.0,100.0,0.0001000000047497,weak,0,True,19,0.0,0.0
route_a8,168,1780449550.8241527,2026-06-03 01:19,41,20,0.631492019884877,1.8077469857439672,0.6971210150119971,0.1901267161216981,0.1297070160508155,-0.044926231727004,48.31345689733506,16.213409423828125,16.425535202026367,-0.1958060413599014,-0.7674611210823059,0.9815325736999512,-2.9834303855895996,2.489431858062744,-0.0147546045482158,100.0,100.0,100.0,9.999999747378752e-05,weak,0,True,20,0.0,0.0
route_a9,169,1780490830.6235306,2026-06-03 12:47,26,9,0.5578445065176909,3.142725102922709,1.1960553640669946,0.2086558732913106,0.0986751466989517,0.0625936165452003,47.51327494804383,16.436771392822266,16.704727172851562,-0.7691916227340698,-0.1582452058792114,1.1467409133911133,-3.056361675262451,2.468047857284546,-0.0179322902113199,100.0,100.0,100.0,0.0001000000047497,weak,0,False,20,1.0,0.47777545575231484
route_aa,170,1780495684.7384107,2026-06-03 14:08,43,15,0.8391645445486611,2.0854978230827164,0.8762546728939604,0.2430398021297898,0.11392243206501,0.0134266400709748,50.18325599666596,16.704727172851562,16.462270736694336,-0.1582452058792114,-0.1592374294996261,0.9952437877655028,-2.992176055908203,2.4267568588256836,-0.0151895815506577,100.0,100.0,100.0,9.999999747378752e-05,weak,0,False,20,2.0,0.533957340949074
route_ab,171,1780755615.5692215,2026-06-06 14:20,4,3,0.5476686283386147,1.32199437450712,0.5419120481402373,0.1384277537173974,0.0754695907235145,-0.0097197387367486,61.39918768764496,16.462270736694336,16.443941116333008,-0.1592374294996261,-0.4770497977733612,0.9999849796295166,-2.9512462615966797,2.420551300048828,-0.0134159121662378,100.0,100.0,100.0,0.0001000000047497,weak,0,False,20,3.0,3.5424160308796293
route_ac,172,1780758059.2329814,2026-06-06 15:00,37,5,0.601876217648634,1.2850032731069223,0.5406712589629227,0.1522675073919784,0.09121785312891,-0.0502298139035701,57.36973209030152,16.464080810546875,16.663589477539062,-0.4833740592002868,-0.6508144736289978,0.9943094849586488,-2.9389028549194336,2.511746883392334,-0.0129034193232655,100.0,100.0,100.0,0.0001000000047497,weak,0,False,20,4.0,3.57069917625
route_ad,173,1780771116.725341,2026-06-06 18:38,48,18,0.650711712656944,1.275811020140044,0.5956861333306902,0.214715817579912,0.1125070974230766,-0.0444132508710026,61.90900237663269,16.663589477539062,16.675249099731445,-0.6508144736289978,-0.23540560901165,0.999929666519165,-2.926884889602661,2.453836441040039,-0.0122977988794446,100.0,100.0,100.0,0.0001000000047497,weak,0,False,20,5.0,3.7218275600462962
route_b0,176,1780837980.5111053,2026-06-07 13:13,17,6,0.6712422929511748,1.9396459573764648,0.7152379964087101,0.1362019894197189,0.0743267387151718,-0.0123249632306396,56.46747541765214,16.650516510009766,16.74216079711914,-0.5823255777359009,0.0819399133324623,1.0001580715179443,-2.898057699203491,2.47129487991333,-0.0110585307702422,100.0,100.0,100.0,9.999999747378752e-05,weak,0,False,20,6.0,4.495713969351852
route_b1,177,1780867455.5938375,2026-06-07 21:24,18,8,0.769978564175849,3.8338006482979585,1.5594501515398005,0.2635774911512275,0.1552342846989631,-0.0482885520905256,55.668035861015326,16.74216079711914,16.762269973754883,0.0819399133324623,-0.6560744643211365,0.998184323310852,-2.879115104675293,2.5018975734710693,-0.0102369245141744,100.0,100.0,100.0,9.999999747378752e-05,weak,0,False,20,7.0,4.836860760231481
route_b2,178,1780871590.2655869,2026-06-07 22:33,9,4,0.4907453345036828,3.008375018770082,1.132320910596561,0.1151459688872245,0.1441118009388446,-0.1183596588671207,52.481521256551744,16.797807693481445,16.74195671081543,-0.6484177112579346,-0.3975789248943329,0.9999792575836182,-2.8881306648254395,2.4913487434387207,-0.0106275305151939,100.0,100.0,100.0,0.0001000000047497,weak,0,False,20,8.0,4.884715757337963
route_b4,180,1781042760.7397614,2026-06-09 22:06,50,9,0.5004546954887471,1.8991619373736428,0.8169364232771736,0.1656201484038802,0.1085534915328025,-0.0505111515522003,59.61050991899491,16.560312271118164,16.59798812866211,-0.4348770678043365,0.2284243255853653,0.9981814622879028,-2.9235615730285645,2.4865400791168213,-0.0121550299227237,100.0,100.0,100.0,0.0001000000047497,weak,0,False,20,9.0,6.865855504722222
route_b5,181,1781049800.81521,2026-06-10 00:03,43,13,0.673736728854839,2.7381015493012635,1.046039782807514,0.1402087955595004,0.1221829950809478,-0.0552212297916412,51.84112972621918,16.59798812866211,16.464014053344727,0.2284243255853653,-0.6081628799438477,0.9969531893730164,-2.95477294921875,2.4997377395629883,-0.013511941768229,100.0,100.0,100.0,0.0001000000047497,weak,0,False,20,10.0,6.9473378594560184
route_b8,184,1781356860.8001297,2026-06-13 13:21,31,10,0.4584033006016258,2.165855826634141,0.9348711055560208,0.1416974821186997,0.1024367809295654,-0.0146646709181368,61.56976733318329,16.51517105102539,16.69491195678711,-0.4672811031341553,-0.4245676398277282,0.9971349835395812,-2.9049296379089355,2.452859401702881,-0.0114398654550313,100.0,100.0,100.0,0.0005000000237487,golden,1,False,20,11.0,10.501272870092592
