drive_id,route_counter,wall_date,date,n_segs,n_elig,engaged_frac,weave_path,weave_steer,hunt_steer,centering_abs,centering_signed,spd_mph,sr_start,sr_end,aoa_start,aoa_end,stf,cal_yaw,cal_pitch,cal_roll,calperc_start,calperc_min,calperc_end,lc_kp,pi_set
route_stock,-1,1772209690.7711194,2026-02-27 16:28,41,9,0.2943942429570266,2.4380019141694502,1.0343079212811574,0.16534148579897,0.1194113716483116,-0.0976326689124107,43.90338853261947,16.916006088256836,16.75227928161621,0.1950232237577438,-0.5019121766090393,1.0464529991149902,-3.351167917251587,2.5136499404907227,-0.015117835253477,100.0,100.0,100.0,,unknown/manual
route_0c,12,1774825984.0812883,2026-03-29 23:13,39,8,0.7783322936161364,0.9830912816093706,0.5032250838558205,0.1446738518507214,0.2009976059198379,-0.1875375211238861,64.78168968625069,16.578317642211914,16.853870391845703,-1.8994691371917725,-0.4819418489933014,1.001508712768555,-2.853216648101806,2.392126083374023,-0.0110403867438435,100.0,100.0,100.0,,unknown/manual
route_a0,160,1780145240.3496978,2026-05-30 12:47,14,6,0.5431722137480933,1.3203736286694228,0.6361035089491993,0.2052050671795433,0.1340615227818489,-0.0863674096763134,62.91902544965744,16.414899826049805,16.579933166503906,0.1188653856515884,0.6907995343208313,1.00077486038208,-2.842667579650879,2.484951972961426,-0.008699033409357,100.0,100.0,100.0,0.0001000000047497,weak
route_b8,184,1781356860.8001297,2026-06-13 13:21,31,10,0.4584033006016258,2.165855826634141,0.9348711055560208,0.1416974821186997,0.1024367809295654,-0.0146646709181368,61.56976733318329,16.51517105102539,16.69491195678711,-0.4672811031341553,-0.4245676398277282,0.9971349835395812,-2.9049296379089355,2.452859401702881,-0.0114398654550313,100.0,100.0,100.0,0.0005000000237487,golden
route_0e,14,1774994706.354992,2026-03-31 22:05,3,0,0.6340712003651301,,,,,,,16.904165267944336,16.923627853393555,-0.9525655508041382,-0.8238239288330078,1.000049352645874,-2.8648014068603516,2.406440258026123,-0.0115096857771277,100.0,100.0,100.0,,unknown/manual
route_19,25,1775485363.5089686,2026-04-06 14:22,5,0,0.0,,,,,,,16.767982482910156,16.76803970336914,-0.7709519863128662,-0.7692877650260925,1.0,-2.829317808151245,2.396076917648315,-0.0097267497330904,100.0,100.0,100.0,,unknown/manual
route_12,18,1775167695.7715137,2026-04-02 22:08,7,0,0.0,,,,,,,16.72756004333496,16.855260848999023,-1.2303752899169922,-1.042941331863403,1.0000303983688354,-2.9102275371551514,2.4343559741973877,-0.0133984284475445,100.0,100.0,100.0,,unknown/manual
route_13,19,1775169610.0023775,2026-04-02 22:40,7,0,0.0,,,,,,,16.855260848999023,16.90436553955078,-1.042941331863403,-0.1020430624485015,1.020139217376709,-2.90513014793396,2.43562650680542,-0.0131810465827584,100.0,100.0,100.0,,unknown/manual
route_14,20,1775393015.60972,2026-04-05 12:43,7,3,0.3626771178776002,0.8288258929656327,0.388586026222765,0.1305218565160628,0.1482066214084625,-0.1480880081653595,59.694515487804416,16.92164421081543,16.801471710205078,-0.0966188758611679,-1.144003987312317,0.9987280368804932,-2.8912506103515625,2.4009056091308594,-0.012595391832292,100.0,100.0,100.0,,unknown/manual
route_17,23,1775482641.251531,2026-04-06 13:37,7,1,0.1452612485514183,2.770598970719498,1.0246616398728507,0.1936841781990014,0.1628928035497665,-0.1626492887735366,42.36387309864045,17.11701202392578,16.80615234375,-0.6126704812049866,-0.9895795583724976,1.00284743309021,-2.8472301959991455,2.51450252532959,-0.0104816891252994,100.0,100.0,100.0,,unknown/manual
route_23,35,1775493648.214357,2026-04-06 16:40,2,0,0.0,,,,,,,16.860355377197266,16.859546661376953,0.0454951114952564,0.0604933761060237,1.0000044107437134,-2.9519290924072266,2.3807408809661865,-0.014815492555499,100.0,100.0,100.0,,unknown/manual
route_22,34,1775492954.3498003,2026-04-06 16:29,14,0,0.9161222136817831,,,,,,,16.7983341217041,16.811979293823242,0.0169522743672132,0.1658930629491806,0.9998340010643004,-2.9574174880981445,2.4010376930236816,-0.0150324888527393,100.0,100.0,100.0,,unknown/manual
route_0f,15,1775000460.378852,2026-03-31 23:41,21,4,0.5025962224962679,2.1383583418754535,0.8286299071680447,0.179251653439539,0.183299034833908,-0.0934254601597786,49.27052689430237,16.898147583007812,16.913822174072266,-0.8198094964027405,-0.7772703766822815,0.9982593059539796,-2.8660218715667725,2.4157907962799072,-0.0115608368068933,100.0,100.0,100.0,,unknown/manual
route_26,38,1775496960.1829164,2026-04-06 17:36,14,0,0.7759638930234791,,,,,,,16.769607543945312,16.818025588989258,0.1806777715682983,0.4319683015346527,0.9999399781227112,-3.010897159576416,2.3666446208953857,-0.0172789152711629,100.0,100.0,100.0,,unknown/manual
route_21,33,1775492464.1147432,2026-04-06 16:21,20,0,0.7608560680764034,,,,,,,16.788368225097656,16.798206329345703,-0.0647392123937606,0.0160641949623823,0.9999476671218872,-2.987993001937866,2.410842180252075,-0.0163239203393459,100.0,100.0,100.0,,unknown/manual
route_10,16,1775002344.9971533,2026-04-01 00:12,27,6,0.6872358086967627,1.59224862064535,0.6904315170603331,0.1389999747334911,0.1351744011044502,-0.1114036627113819,55.89785652039528,16.913822174072266,16.770755767822266,-0.7772703766822815,-0.5698486566543579,0.997959554195404,-2.931788206100464,2.4295589923858643,-0.0143467718735337,100.0,100.0,100.0,,unknown/manual
route_18,24,1775484724.2925956,2026-04-06 14:12,28,2,0.4812260909821885,1.7369053431723334,0.6905678048021195,0.1690284212896421,0.1481565982103347,-0.1076392661780119,50.68971711883545,16.82260513305664,16.767982482910156,-0.9815310835838318,-0.7709519863128662,1.0,-2.844564199447632,2.462946653366089,-0.0103652197867631,100.0,100.0,100.0,,unknown/manual
route_0d,13,1774994380.7483804,2026-03-31 21:59,31,7,0.6299421117713361,1.5192207136600735,0.7016668016010553,0.1548431260617086,0.2450594007968902,-0.1826072633266449,56.50057802345276,16.915830612182617,16.904645919799805,-0.4293176233768463,-0.98454350233078,0.9951435327529908,-2.873246192932129,2.4028260707855225,-0.0118703451007604,100.0,100.0,100.0,,unknown/manual
route_2f,47,1775672873.8428314,2026-04-08 18:27,12,1,0.9360419249408316,0.6925251781193057,0.4407400110009677,0.1077745624811845,0.0858133658766746,0.0768777057528495,78.06893208271026,16.370952606201172,16.383420944213867,-0.1256566643714904,-0.0526021569967269,0.9998291730880736,-3.046584129333496,2.3640599250793457,-0.0186441168189048,100.0,100.0,100.0,,unknown/manual
route_31,49,1775674580.1888251,2026-04-08 18:56,13,0,0.9459842596666178,,,,,,,16.495058059692383,16.511625289916992,-0.1297697871923446,-0.0085143465548753,0.9997684955596924,-3.2348732948303223,2.371306896209717,-0.0264635570347309,100.0,100.0,100.0,,unknown/manual
route_15,21,1775395280.6338627,2026-04-05 13:21,34,8,0.7762014187231492,1.5072836254759905,0.6405958843770228,0.1733795534533785,0.1876106038689613,-0.1213762871921062,54.58425138448716,16.809206008911133,16.835725784301758,-1.116047501564026,-1.1299370527267456,0.9983456134796144,-2.852962017059326,2.333603858947754,-0.0110034672543406,100.0,100.0,100.0,,unknown/manual
route_20,32,1775491809.6680806,2026-04-06 16:10,36,0,0.6952801075370605,,,,,,,16.768484115600586,16.788883209228516,-0.280911386013031,-0.063084565103054,0.9993800520896912,-3.0068883895874023,2.416856050491333,-0.0171217583119869,100.0,100.0,100.0,,unknown/manual
route_35,53,1775679123.054381,2026-04-08 20:12,9,0,0.8521478521478522,,,,,,,16.683547973632812,16.69399070739746,-0.0945932492613792,0.0478726662695407,0.999739706516266,-3.0033814907073975,2.3362998962402344,-0.0167193803936243,100.0,100.0,100.0,,unknown/manual
route_33,51,1775676654.1976995,2026-04-08 19:30,15,1,0.9318400139725788,0.9009616821170572,0.4370581433556657,0.2565193837182032,0.2376058995723724,-0.2350576221942901,75.7858869388962,16.658750534057617,16.693368911743164,-0.2904938459396362,-0.1296496391296386,0.9996526837348938,-3.0775246620178223,2.398021697998047,-0.0198604017496109,100.0,100.0,100.0,,unknown/manual
route_16,22,1775431280.132508,2026-04-05 23:21,40,4,0.759125512395081,1.6353243383466185,0.7423123962703161,0.1050007639478251,0.2086540982127189,-0.173339769244194,56.93307294414521,16.835725784301758,17.11701202392578,-1.1299370527267456,-0.6126704812049866,0.9924793243408204,-2.874295949935913,2.5220344066619873,-0.0116847697645425,100.0,100.0,100.0,,unknown/manual
route_32,50,1775675681.218169,2026-04-08 19:14,28,0,0.9679238969358,,,,,,,16.50969123840332,16.606956481933594,-0.1117596328258514,-0.0601251423358917,0.9987257719039916,-3.1988961696624756,2.378232955932617,-0.0249822940677404,100.0,100.0,100.0,,unknown/manual
route_3a,58,1775822514.1785495,2026-04-10 12:01,11,3,0.5869718724255619,1.704731665984729,0.6785348262991282,0.1204176143408165,0.1091633215546608,-0.0870446860790252,62.01544825674058,16.425838470458984,16.34149932861328,-0.4013879001140594,0.2301783710718155,1.0004489421844482,-2.9473588466644287,2.4253883361816406,-0.0143635738641023,100.0,100.0,100.0,,unknown/manual
route_38,56,1775735950.605587,2026-04-09 11:59,15,2,0.4615493289380739,1.0561397113654047,0.5098874103037024,0.1146963050286493,0.0930023081600666,-0.0508750081062316,62.016960775108345,16.513484954833984,16.435401916503906,0.1005557104945182,-0.4146755039691925,1.0035849809646606,-3.0077602863311768,2.380895614624023,-0.0169030483812093,100.0,100.0,100.0,,unknown/manual
route_34,52,1775678600.2461717,2026-04-08 20:03,23,0,0.8998669905158455,,,,,,,16.65770721435547,16.677467346191406,-0.0892063528299331,-0.1088134422898292,0.9997361302375792,-2.996793508529663,2.408259868621826,-0.0164527744054794,100.0,100.0,100.0,,unknown/manual
route_1c,28,1775487330.8011544,2026-04-06 14:55,48,5,0.6048385738585648,1.2755583276749958,0.6568929988974624,0.1402246023244091,0.1013759523630142,0.0257042273879051,72.92661282989502,16.7442684173584,17.098236083984375,-0.7559530735015869,-0.3296360373497009,0.9957091808319092,-3.4575560092926025,2.59928560256958,-0.0258921943604946,100.0,100.0,100.0,,unknown/manual
route_3b,59,1775823090.2311492,2026-04-10 12:11,13,1,0.4933649289099526,1.2020642911708523,0.5197712334876725,0.1242484732550474,0.079783946275711,0.070043571293354,62.34905135591507,16.405302047729492,16.340373992919922,0.2558723390102386,-0.1521172374486923,1.000444412231445,-2.941037178039551,2.4294447898864746,-0.0140959983691573,100.0,100.0,100.0,,unknown/manual
route_39,57,1775736574.211552,2026-04-09 12:09,15,0,0.4197918087185781,,,,,,,16.435401916503906,16.425838470458984,-0.4146755039691925,-0.4013879001140594,0.999704360961914,-2.953486919403076,2.4154818058013916,-0.0146215427666902,100.0,100.0,100.0,,unknown/manual
route_25,37,1775496190.5133195,2026-04-06 17:23,47,5,0.2654844980211727,0.704725965553033,0.4257706945600696,0.1581527387626314,0.2549041211605072,0.2475502341985702,72.46567232398988,16.893569946289062,16.795835494995117,-0.0808493196964263,0.2229312658309936,1.0042959451675415,-2.996095895767212,2.385345458984375,-0.0166691988706588,100.0,100.0,100.0,,unknown/manual
route_2e,46,1775672420.4197054,2026-04-08 18:20,38,0,0.0430275412574208,,,,,,,16.349361419677734,16.370492935180664,-0.5320476293563843,-0.1053312346339225,0.9999265670776368,-3.003915309906006,2.3607847690582275,-0.0169155653566122,100.0,100.0,100.0,,unknown/manual
route_42,66,1774273224.207686,2026-03-23 13:40,6,2,0.5283405551001288,12.982402449486294,3.132014246708565,0.3575963160353327,0.1829510703682899,-0.0015796013176441,45.136254200735095,16.762039184570312,16.681108474731445,-0.5775226950645447,-0.5001909136772156,1.0024946928024292,-3.1268341541290283,2.4629383087158203,-0.0109837530180811,100.0,100.0,100.0,,unknown/manual
route_45,69,1774275560.5908673,2026-03-23 14:19,3,0,0.8836755913698986,,,,,,,16.81690216064453,16.8367862701416,-1.3445327281951904,-1.3123761415481567,0.999868869781494,-3.1516451835632324,2.439281225204468,-0.0120043521746993,100.0,100.0,100.0,0.0005000000237487,golden
route_27,39,1775498980.4892735,2026-04-06 18:09,50,6,0.7269748281304336,0.6342475924316604,0.3779908162209356,0.1450662368680327,0.1749103516340255,0.1150882206857204,74.94262914915086,16.861347198486328,16.593721389770508,0.2537080943584442,0.2667977809906006,0.9992934465408324,-3.0767011642456055,2.38950252532959,-0.0199886709451675,100.0,100.0,100.0,,unknown/manual
route_41,65,1774272158.252988,2026-03-23 13:22,11,6,0.6329735333577265,2.4743196350248313,0.9434170320197952,0.1309283637702264,0.151093378663063,-0.0872391387820243,45.70224860052109,16.93932342529297,16.924104690551758,-0.5982338786125183,-0.5601312518119812,1.0080305337905884,-3.1113295555114746,2.4711713790893555,-0.010296125896275,100.0,100.0,100.0,,unknown/manual
route_49,73,1774278793.2880268,2026-03-23 15:13,6,0,0.5930042115114647,,,,,,,17.059505462646484,17.05150604248047,-0.6575089693069458,0.1843863427639007,0.9998857975006104,-3.196672201156616,2.45023250579834,-0.0139075964689254,100.0,100.0,100.0,0.0001000000047497,weak
route_3e,62,1775999585.4510295,2026-04-12 13:13,17,5,0.7950918762088974,1.3895794288242953,0.6121385999703278,0.2181472774167591,0.1300676763057708,-0.0821611583232879,59.25559716400147,16.791757583618164,16.745882034301758,-0.0623075142502784,-0.180680975317955,0.9995512962341307,-2.86138916015625,2.491966485977173,-0.0106729855760931,100.0,100.0,100.0,,unknown/manual
route_46,70,1774276458.2864485,2026-03-23 14:34,11,1,0.5075045759609518,1.2658808275680242,0.8561980842963108,0.1566052712750402,0.0832072868943214,0.0210311226546764,78.59057812129976,16.87682342529297,16.9122257232666,-1.2212508916854858,-1.0770739316940308,0.9993460774421692,-3.19221568107605,2.475799560546875,-0.013735881075263,100.0,100.0,100.0,0.0004957983037456,golden
route_1b,27,1773245320.9326644,2026-03-11 16:08,61,12,0.4977276496931497,1.189361064059804,0.6719807405878927,0.1152883506169737,0.1729925945401191,-0.1528109796345234,75.01474363561631,16.87133026123047,17.07498550415039,-0.1650247424840927,-0.4423819184303283,1.192145586013794,-3.5655362606048584,2.5315358638763428,-0.030767448246479,100.0,100.0,100.0,,unknown/manual
route_47,71,1774277264.2882302,2026-03-23 14:47,13,4,0.5216913341913342,0.6881933655796123,0.4154108886353299,0.0619288282110064,0.2006702274084091,-0.1342161558568477,76.30996068679809,16.908939361572266,16.92580795288086,-1.108595609664917,-0.5092858076095581,0.9997546076774596,-3.222249984741211,2.4710206985473633,-0.0150408102199435,100.0,100.0,100.0,0.0001976744097191,weak
route_37,55,1775683190.4016707,2026-04-08 21:19,38,2,0.602759009009009,0.7356052608562607,0.4238871647159413,0.1189376164705073,0.2470951229333877,-0.1870662756264209,78.32583407413483,16.748266220092773,16.722082138061523,0.1215531602501869,0.107131078839302,1.0048987865447998,-3.0405352115631104,2.4032983779907227,-0.0182884633541107,100.0,100.0,100.0,,unknown/manual
route_43,67,1774274574.380932,2026-03-23 14:02,19,5,0.5829558221288008,0.8724235256714937,0.5865036486206954,0.1419591292345166,0.1290803551673889,-0.1161935776472091,73.949484842453,16.724422454833984,16.77117919921875,-0.4598161280155182,-0.4146786034107208,1.0000386238098145,-3.2020275592803955,2.4664900302886963,-0.0141587750986218,100.0,100.0,100.0,,unknown/manual
route_51,81,1774356764.3146472,2026-03-24 12:52,7,0,0.0,,,,,,,17.289670944213867,17.04338264465332,-0.0764141008257865,0.0144283957779407,0.9968287348747252,-3.0971946716308594,2.4717772006988525,-0.0093838032335042,100.0,100.0,100.0,,unknown/manual
route_36,54,1775680678.5578892,2026-04-08 20:37,42,0,0.9609957316684716,,,,,,,16.72064971923828,16.80913734436035,0.0716666802763938,0.1151764243841171,0.9983677864074708,-3.12972640991211,2.357379913330078,-0.0219151191413402,100.0,100.0,100.0,,unknown/manual
route_56,86,1776459108.872141,2026-04-17 20:51,8,0,0.0,,,,,,,16.496305465698242,16.61567497253418,-0.6002858281135559,-1.0270100831985474,1.0,-2.7972781658172607,2.444211483001709,-0.0080213900655508,100.0,100.0,100.0,,unknown/manual
route_54,84,1776441269.544259,2026-04-17 15:54,17,1,0.0746786681414241,5.414806763976132,1.6936322373620183,0.2653143747606079,0.1341580003499984,-0.134144902229309,47.11498555557251,16.543724060058594,16.56953239440918,-0.1299140155315399,-0.266064316034317,1.0,-2.909027099609375,2.4271132946014404,-0.0127836009487509,100.0,100.0,100.0,,unknown/manual
route_5a,90,1774542684.4763365,2026-03-26 16:31,9,1,0.7280858676207513,2.735726619044564,1.2293232745896567,0.1291531463732725,0.2245120555162429,-0.2244420498609542,45.26137616271973,16.734350204467773,16.854713439941406,0.5276006460189819,0.4443052113056183,0.9985530972480774,-3.2087595462799072,2.483312606811523,-0.0142310578376054,100.0,100.0,100.0,0.0001000000047497,weak
route_3f,63,1776001256.2742577,2026-04-12 13:40,41,16,0.5952856572113464,1.291301922023365,0.5945516168431015,0.1278198729110317,0.191478244960308,-0.0761963352560997,63.826492737417226,16.809356689453125,16.44486427307129,-0.1805161386728286,0.6507266759872437,0.9980405569076538,-2.8164141178131104,2.458296775817871,-0.0087310811504721,100.0,100.0,100.0,,unknown/manual
route_5b,91,1776528460.2017033,2026-04-18 16:07,15,1,0.3099472529524343,1.4801554220785946,0.6349148547590477,0.124659563668912,0.0849863961338996,-0.0008457243093289,56.719585989818576,16.716157913208008,16.610048294067383,-0.8501343131065369,0.1495750695466995,0.999995231628418,-2.910414695739746,2.3520450592041016,-0.0128067964687943,100.0,100.0,100.0,,unknown/manual
route_53,83,1776439945.2476118,2026-04-17 15:32,34,0,0.0,,,,,,,16.370563507080078,16.75999641418457,0.5642822980880737,-1.0542501211166382,0.9898421168327332,-3.1172094345092773,2.4620649814605713,-0.0105301961302757,100.0,100.0,100.0,,unknown/manual
route_5e,94,1776608300.174153,2026-04-19 14:18,7,0,0.0,,,,,,,16.865535736083984,16.868257522583008,-1.063331961631775,-1.178378701210022,1.0000004768371582,-2.9933269023895264,2.4743950366973877,-0.0163463484495878,100.0,100.0,100.0,,unknown/manual
route_40,64,1776004550.5020194,2026-04-12 14:35,61,15,0.6978079841922981,1.4933465589095636,0.6514159188836431,0.1595560724787936,0.1939467787742614,-0.1490792036056518,62.04712154335022,16.50079345703125,16.612733840942383,0.6149128675460815,0.8602790832519531,0.996874451637268,-2.7849373817443848,2.455503225326538,-0.0073789423331618,100.0,100.0,100.0,,unknown/manual
route_58,88,1776522812.532742,2026-04-18 14:33,43,2,0.1060882302525984,1.2201604440110128,0.5183303574517055,0.1057186807395703,0.1808988153934478,-0.1719696596264839,61.99144742754937,16.736328125,16.67780876159668,0.3426550328731537,-0.935512363910675,0.9675849080085754,-2.8732662200927734,2.422137498855591,-0.0112846652045845,100.0,100.0,100.0,,unknown/manual
route_4a,74,1774282529.0044007,2026-03-23 16:15,58,13,0.9153491838885686,0.9308328807386572,0.5430358960166293,0.1294077370482916,0.1286949068307876,-0.0387754775583744,72.27849977596284,17.062314987182617,17.554405212402344,0.188483327627182,-0.067235991358757,0.9908820986747742,-3.238115072250366,2.478226900100708,-0.0156014608219265,100.0,100.0,100.0,9.999999747378752e-05,weak
route_4e,78,1774293475.9682724,2026-03-23 19:17,54,7,0.7584539267955887,1.091779636724736,0.6252316749360832,0.1672434655504885,0.1382694244384765,0.0025479539763182,68.04268675374985,17.94685173034668,17.326066970825195,-0.0889663845300674,0.0702461823821067,0.9951820969581604,-3.1791024208068848,2.463786363601685,-0.012946599163115,100.0,100.0,100.0,9.999999747378752e-05,weak
route_64,100,1777035194.007799,2026-04-24 12:53,13,0,0.4579281603492756,,,,,,,16.310283660888672,16.271631240844727,-0.1384403705596923,0.2026953250169754,1.0002270936965942,-2.920289993286133,2.470963478088379,-0.0132430652156472,100.0,100.0,100.0,,unknown/manual
route_63,99,1776946174.8718195,2026-04-23 12:09,21,2,0.2953022349872899,0.9291069383583872,0.430680532313588,0.1176699895310987,0.1420718282461166,-0.0017606616020202,60.248741470699315,16.342226028442383,16.310283660888672,0.2585572004318237,-0.1384403705596923,0.9997157454490662,-2.925065517425537,2.487905502319336,-0.0134495208039879,100.0,100.0,100.0,,unknown/manual
route_55,85,1776454540.6290452,2026-04-17 19:35,71,4,0.5403370754796879,1.287353303015308,0.6733013411869477,0.1579173514910744,0.1983805298805236,0.0615660194307565,73.29333773468018,16.551048278808594,16.488872528076172,-0.289992481470108,-0.5930122137069702,0.9984291791915894,-2.863276243209839,2.438906192779541,-0.0108516961336135,100.0,100.0,100.0,,unknown/manual
route_66,102,1774552858.8187437,2026-03-26 19:20,8,1,0.9686490116254668,0.902451817057598,0.5821412621777186,0.0917434295576654,0.075496107339859,0.0362129770219326,75.16953037075044,17.364646911621094,17.420305252075195,-0.1445715725421905,-0.0497138388454914,0.9990426898002625,-3.168027400970459,2.424720764160156,-0.0124496174976229,100.0,100.0,100.0,9.999999747378752e-05,weak
route_62,98,1776945244.1993227,2026-04-23 11:54,35,1,0.4880069524913094,1.4700922415646696,0.6047427455215411,0.224905819724028,0.0989403799176216,0.0412438288331031,55.85081378585816,16.38346290588379,16.340381622314453,-0.7340168952941895,0.2763995230197906,1.0051145553588867,-2.9309074878692627,2.347642183303833,-0.013723456300795,100.0,100.0,100.0,,unknown/manual
route_57,87,1776462130.993789,2026-04-17 21:42,75,11,0.4508966922020989,1.3011295306337358,0.5911020127545831,0.12581027418141,0.1780637055635452,-0.1613833755254745,71.55925569250107,16.496305465698242,16.731365203857422,-0.6002858281135559,0.3787028789520263,0.9967071413993835,-2.841355562210083,2.4502100944519043,-0.0099225845187902,100.0,100.0,100.0,,unknown/manual
route_4d,77,1774289761.486426,2026-03-23 18:16,83,8,0.93542701425073,0.6137841688558571,0.4183477654065399,0.1258339754504163,0.0905372872948646,-0.0778620541095733,76.63041404941559,17.775341033935547,17.94685173034668,0.4113939702510834,-0.0889663845300674,0.9909462928771972,-3.2306618690490723,2.4689507484436035,-0.0152124958112835,100.0,100.0,100.0,9.999999747378752e-05,weak
route_3d,61,1775947574.804027,2026-04-11 22:46,95,10,0.6658265423282645,1.2394645514914466,0.5943685457941406,0.1576792655418424,0.1339930519461631,-0.0388088095933198,61.66562985134125,16.74761962890625,16.798194885253906,-0.9385966062545776,-0.0377781130373477,1.0002548694610596,-2.874629497528076,2.4730427265167236,-0.0112484265118837,100.0,100.0,100.0,,unknown/manual
route_3c,60,1775934691.1293066,2026-04-11 19:11,107,6,0.6373606594006802,0.9868084564002412,0.5216438768955947,0.101262180147688,0.0954137854278087,-0.0555569576099514,62.02829506296158,16.340373992919922,16.756990432739258,-0.1521172374486923,-0.9482421875,0.9925910234451294,-2.9295406341552734,2.437103748321533,-0.0136101404204964,100.0,100.0,100.0,,unknown/manual
route_65,101,1777036413.3556576,2026-04-24 13:13,33,4,0.3004677157239684,1.5627796735819517,0.6479434087459139,0.1308209719835669,0.1571507230401039,-0.1531962901353836,59.9939397251606,16.259567260742188,16.113529205322266,0.2119872570037841,-0.7579246163368225,1.0005050897598269,-2.915311813354492,2.4966776371002197,-0.01302738673985,100.0,100.0,100.0,,unknown/manual
route_5d,93,1776607754.5297964,2026-04-19 14:09,71,4,0.7650900712580246,3.3908793148242244,1.3090310995702246,0.4222902989972602,0.2149279788136482,-0.1204343931749463,48.715210788860325,16.66390037536621,16.758028030395508,-0.6118469834327698,-1.0328949689865112,0.9962606430053712,-2.929868221282959,2.492039442062378,-0.0135765643790364,100.0,100.0,100.0,,unknown/manual
route_59,89,1776525755.7975411,2026-04-18 15:22,85,5,0.7259693736960201,1.697479492407819,0.7725578438564392,0.1214205990149159,0.2535403966903686,-0.1746285259723663,52.466595537567144,16.678157806396484,16.716157913208008,-0.932668387889862,-0.8501343131065369,1.0068055391311646,-2.878556251525879,2.3994572162628174,-0.0115072755143046,100.0,100.0,100.0,,unknown/manual
route_6f,111,1774558694.0172298,2026-03-26 20:58,5,0,0.8653859887167036,,,,,,,17.532711029052734,17.547609329223633,-0.9396762251853944,-0.7273048758506775,0.9999133944511414,-3.215272903442383,2.4866108894348145,-0.0144342528656125,100.0,100.0,100.0,9.999999747378752e-05,weak
route_70,112,1774559308.2356946,2026-03-26 21:08,6,0,0.7248971844353053,,,,,,,17.562355041503906,17.57276725769043,-0.8592002391815186,-0.4903587400913238,0.9998708963394164,-3.2251899242401123,2.4752542972564697,-0.0148732839152216,100.0,100.0,100.0,0.0001000000047497,weak
route_71,113,1774560214.20284,2026-03-26 21:23,6,2,0.9380575660663188,0.7612601844182905,0.4543562146830998,0.0759614201803352,0.1145766861736774,-0.0002342760562896,77.06169511545181,17.610504150390625,17.628232955932617,-0.5859404802322388,-0.3960825502872467,0.9997599124908448,-3.2330033779144287,2.490464448928833,-0.0152190588414669,100.0,100.0,100.0,9.999999747378752e-05,weak
route_74,116,1774561802.9614944,2026-03-26 21:50,5,1,0.8584980867346939,0.7056743374393559,0.3816858435263064,0.0979232770902584,0.0616209432482719,0.0300242863595485,67.81539726932526,17.676576614379883,17.692790985107422,-0.1621809154748916,-0.2860112488269806,0.9999858736991882,-3.174211025238037,2.4624602794647217,-0.0127324871718883,100.0,100.0,100.0,9.999999747378752e-05,weak
route_72,114,1774560850.1742363,2026-03-26 21:34,6,0,0.9392246487218554,,,,,,,17.647825241088867,17.672592163085938,-0.4681799411773681,-0.265635222196579,0.9997395277023317,-3.2664272785186768,2.466111421585083,-0.0166671127080917,100.0,100.0,100.0,9.999999747378752e-05,weak
route_7a,122,1777743540.2670271,2026-05-02 17:39,4,0,0.0,,,,,,,16.40475082397461,16.263383865356445,-1.238055944442749,-0.6737221479415894,1.0000731945037842,-2.9224653244018555,2.193314552307129,-0.0127269988879561,100.0,100.0,100.0,,unknown/manual
route_5c,92,1776550234.7799325,2026-04-18 22:10,87,5,0.5592066767269256,1.4616484264631922,0.6576852745559827,0.1411480412537399,0.1453515887260437,-0.1262778341770172,51.70064684955597,16.610048294067383,16.66390037536621,0.1495750695466995,-0.6118469834327698,0.9964733123779296,-2.9370784759521484,2.419860363006592,-0.0138941723853349,100.0,100.0,100.0,,unknown/manual
route_7c,124,1777773320.2000475,2026-05-03 01:55,4,0,0.0516329704510108,,,,,,,16.280973434448242,16.31104850769043,0.0497270822525024,-0.7938655614852905,0.9998908042907716,-2.9919183254241943,2.1788949966430664,-0.0152994785457849,100.0,100.0,100.0,0.000499999965541,golden
route_75,117,1774563017.1221385,2026-03-26 22:10,11,0,0.4996037793355684,,,,,,,17.7002010345459,17.463788986206055,-0.4817855060100555,-0.3466558456420898,0.9999420642852784,-3.2835731506347656,2.5338692665100098,-0.017480282112956,100.0,100.0,100.0,0.0001000000047497,weak
route_77,119,1774564188.4653568,2026-03-26 22:29,9,1,0.6906015458720735,1.7979986537575512,0.7491450147723996,0.222736082195959,0.20952869951725,-0.1161945909261703,58.75207361276627,17.39850616455078,17.430742263793945,-0.3991901576519012,-0.039460252970457,0.9998437762260436,-3.279714584350586,2.5111193656921387,-0.0173159427940845,100.0,100.0,100.0,9.999999747378752e-05,weak
route_7d,125,1777773569.9229767,2026-05-03 01:59,4,0,0.0,,,,,,,16.31068229675293,16.509395599365234,-0.7527598738670349,-1.425304293632507,0.9986461400985718,-3.0042779445648193,2.2874600887298584,-0.0157790649682283,100.0,100.0,100.0,,unknown/manual
route_86,134,1777945685.9568968,2026-05-05 01:48,3,0,0.0,,,,,,,16.57564926147461,16.571258544921875,0.3490856885910034,0.3519064784049988,0.9999489188194276,-3.067565679550171,2.4073054790496826,-0.0184088163077831,100.0,100.0,100.0,,unknown/manual
route_5f,95,1776635410.7163506,2026-04-19 21:50,81,5,0.5509813506101855,1.0538356791594006,0.4866840839129984,0.1189589186170383,0.1363617926836013,-0.1224250495433807,62.24744809455872,16.868257522583008,16.587942123413086,-1.178378701210022,-0.9184788465499878,0.9973660707473756,-2.928171396255493,2.3266143798828125,-0.0136108612641692,100.0,100.0,100.0,,unknown/manual
route_6e,110,1777465838.4191844,2026-04-29 12:30,33,5,0.355090861838028,1.3357162632366175,0.5717903046651094,0.1418191027782555,0.1272114366292953,0.0141376694664359,61.18606339639664,16.770767211914062,16.53077507019043,-0.6426239609718323,-0.961213231086731,0.9596807360649108,-2.9799046516418457,2.5058932304382324,-0.015538009814918,100.0,100.0,100.0,,unknown/manual
route_88,136,1778174729.466745,2026-05-07 17:25,10,0,0.231585022725633,,,,,,,16.599382400512695,16.51959228515625,-0.0047514089383184,-0.322480708360672,0.9992309212684632,-2.8878862857818604,2.5284481048583984,-0.0106088779866695,100.0,100.0,100.0,,unknown/manual
route_6c,108,1777419234.24571,2026-04-28 23:33,45,5,0.4274713871050217,2.189032752594016,0.8625410688206477,0.207017864876907,0.1211637780070304,-0.0153247034177184,52.42656606697083,16.738500595092773,16.575889587402344,0.1461156457662582,-0.873961865901947,1.0,-2.947061538696289,2.4816033840179443,-0.0141363618895411,100.0,100.0,100.0,,unknown/manual
route_8b,139,1778533473.446131,2026-05-11 21:04,2,0,0.0,,,,,,,16.530637741088867,16.521240234375,-0.4193516969680786,-0.435779720544815,0.9995601177215576,-2.847597360610962,2.4827961921691895,-0.0089275930076837,100.0,100.0,100.0,,unknown/manual
route_8a,138,1778181710.9714656,2026-05-07 19:21,8,0,0.0,,,,,,,16.536624908447266,16.534019470214844,-0.3955859839916229,-0.4009846448898315,0.9990238547325134,-2.847597360610962,2.4827961921691895,-0.0089275930076837,100.0,100.0,100.0,,unknown/manual
route_8c,140,1778533720.8898304,2026-05-11 21:08,4,0,0.0,,,,,,,16.529800415039062,16.548904418945312,-0.4342218339443207,-0.5344344973564148,0.9886993765830994,-2.8486461639404297,2.4827961921691895,-0.0089731393381953,100.0,100.0,100.0,,unknown/manual
route_7f,127,1777775364.1961532,2026-05-03 02:29,18,7,0.8635778875734129,1.9590593205948716,0.8813138432060992,0.1407164628972842,0.1350540965795517,-0.0491716228425502,49.0048527230072,16.509408950805664,16.665773391723633,-1.4149950742721558,-0.0907199084758758,0.9981772899627686,-3.031748533248902,2.47849178314209,-0.0169259738177061,100.0,100.0,100.0,,unknown/manual
route_8e,142,1778539458.065819,2026-05-11 22:44,7,1,0.1025410613548999,3.4472848241847625,1.4232086429437334,0.2922577775185479,0.0743813142180442,-0.0388931483030319,43.72394497478486,16.258403778076172,16.292991638183594,-0.6146969795227051,0.7481797933578491,0.9999462962150574,-2.9565510749816895,2.206146717071533,-0.0133091509342193,100.0,100.0,100.0,,unknown/manual
route_61,97,1776815870.5140028,2026-04-21 23:57,85,9,0.6322196137946298,1.9421592887333692,0.7409361218355067,0.1454055644322109,0.147703155875206,-0.0525721609592437,46.55424443714142,16.598388671875,16.38346290588379,-0.864784836769104,-0.7340168952941895,0.9961305260658264,-2.9173216819763184,2.3265326023101807,-0.0131740756332874,100.0,100.0,100.0,,unknown/manual
route_69,105,1777209185.2378676,2026-04-26 13:13,61,12,0.7942764817847815,1.3622654377556835,0.5886172527370463,0.167799290005875,0.120944045484066,0.0075831366702914,53.33966209903717,16.185272216796875,16.465187072753906,-0.7273134589195251,-0.704730212688446,0.9972674250602722,-2.902146577835083,2.3760249614715576,-0.0124329188838601,100.0,100.0,100.0,,unknown/manual
route_6d,109,1777422924.61516,2026-04-29 00:35,59,7,0.5574988478874189,2.1211964021247383,0.8849510765936698,0.3116811030705776,0.1433303952217102,-0.0484804436564445,52.25123766841889,16.575889587402344,16.745668411254883,-0.873961865901947,-0.6256203651428223,1.0044893026351929,-2.943984270095825,2.4677720069885254,-0.0140025885775685,100.0,100.0,100.0,,unknown/manual
route_93,147,1778695441.4887204,2026-05-13 18:04,14,0,0.372848996407667,,,,,,,16.482696533203125,16.470014572143555,-1.292885422706604,-0.3251234889030456,1.042080998420715,-2.960420846939087,2.4666919708251953,-0.0136985816061496,100.0,100.0,100.0,,unknown/manual
route_60,96,1776809550.4097695,2026-04-21 22:12,103,7,0.628873389932586,1.522659544335779,0.6717127983115988,0.1112540204232024,0.1890106946229934,-0.1753432899713516,54.040905293941506,16.587942123413086,16.598388671875,-0.9184788465499878,-0.864784836769104,0.9971261620521544,-2.886137008666992,2.3204755783081055,-0.0119122778996825,100.0,100.0,100.0,,unknown/manual
route_8f,143,1778614754.8227196,2026-05-12 19:39,26,3,0.3933450859409431,1.1793386622485365,0.5623561272994101,0.1594369719374644,0.1390639096498489,-0.1175040677189827,60.40560605194092,16.304811477661133,16.466035842895508,0.7258114218711853,-0.5593613386154175,1.0009900331497192,-2.9115564823150635,2.452699899673462,-0.0115039758384227,100.0,100.0,100.0,,unknown/manual
route_87,135,1778170991.309952,2026-05-07 16:23,40,6,0.3212009013461555,0.7022983765372255,0.4654742544195046,0.2098121692295763,0.1432773321866989,-0.081732902675867,75.26030707256317,16.571691513061523,16.590295791625977,0.3485442996025085,-0.0709602236747741,0.9944478273391724,-2.974646806716919,2.509866952896118,-0.0144373644143342,100.0,100.0,100.0,,unknown/manual
route_94,148,1778698189.622643,2026-05-13 18:49,15,1,0.142662611774318,2.8842811838583953,1.0267113639732244,0.1728905423566946,0.0915946364402771,-0.0853691399097442,36.1692591910553,16.470014572143555,16.36704444885254,-0.3251234889030456,-1.880114197731018,0.9978886246681212,-2.93959379196167,2.4442646503448486,-0.0128130335360765,100.0,100.0,100.0,,unknown/manual
route_80,128,1777824500.075801,2026-05-03 16:08,45,12,0.6047220796473537,1.2313984335529828,0.5243494015723927,0.1643762381623432,0.1125561147928237,-0.0181542276404798,62.65604245173455,16.683609008789062,16.233858108520508,-0.1085921600461006,-0.1851886510848999,0.9074828028678894,-3.0119693279266357,2.1784396171569824,-0.0161240827292203,100.0,100.0,100.0,,unknown/manual
route_98,152,1779540777.3000178,2026-05-23 12:52,6,3,0.5402831725347701,1.373307818604144,0.6266505062819294,0.1308737599497775,0.1217014417052269,-0.0965908095240593,54.53993182300568,16.348495483398438,16.36392593383789,-0.3478421568870544,-0.4436101913452148,1.0000406503677368,-2.871593475341797,2.510549306869507,-0.0098292371258139,100.0,100.0,100.0,,unknown/manual
route_99,153,1779541529.852136,2026-05-23 13:05,7,1,0.2336304504938569,1.3161511620145556,0.5768281699672565,0.1363895706631734,0.0851019173860549,-0.005878297612071,53.826494615421296,16.36392593383789,16.508834838867188,-0.4436101913452148,-0.8156981468200684,0.9999265670776368,-2.862150192260742,2.51210355758667,-0.0094147240743041,100.0,100.0,100.0,,unknown/manual
route_92,146,1778691580.3720324,2026-05-13 16:59,29,2,0.3065177918739831,3.7999775372826745,1.3400901140115908,0.3978130095756539,0.142780989408493,0.1093354821205139,42.19049028083802,16.56787872314453,16.482696533203125,-0.5441367030143738,-1.292885422706604,1.010358810424805,-3.007942914962769,2.472688674926758,-0.0157370679080486,100.0,100.0,100.0,,unknown/manual
route_7b,123,1777757751.6290374,2026-05-02 21:35,56,6,0.3569256604792035,1.613665378207615,0.6669829472690432,0.1786660714812182,0.1537737995386123,-0.1272307448089122,52.456554036922455,16.327838897705078,16.283655166625977,-0.6537553668022156,0.0433419644832611,0.9955363869667052,-2.9157347679138184,2.114243745803833,-0.0124736744910478,100.0,100.0,100.0,,unknown/manual
route_91,145,1778630823.8301609,2026-05-13 00:07,41,12,0.668973000041731,2.2643566239398716,0.8675704954445993,0.2223634377274581,0.168219543993473,-0.0642239023000001,48.86648715872765,16.651731491088867,16.558712005615234,-0.8656653165817261,-0.5130914449691772,1.0070654153823853,-2.9226152896881104,2.501556873321533,-0.012000105343759,100.0,100.0,100.0,,unknown/manual
route_95,149,1779374960.5548556,2026-05-21 14:49,26,10,0.3464191598201829,1.231523352290969,0.5244647087743373,0.130133413810899,0.1034036800265312,-0.0209009465761482,56.664827064962395,16.36704444885254,16.128244400024414,-1.880114197731018,-1.7547926902770996,0.9580538272857666,-2.9254841804504395,2.4800684452056885,-0.0122063588351011,100.0,100.0,100.0,,unknown/manual
route_97,151,1779471236.6685035,2026-05-22 17:33,24,0,0.0,,,,,,,16.279090881347656,16.348495483398438,-0.6918008923530579,-0.3478421568870544,0.9993918538093568,-2.8447234630584717,2.5255751609802246,-0.0086597297340631,100.0,100.0,100.0,,unknown/manual
route_a2,162,1780151154.0508258,2026-05-30 14:25,6,0,0.0,,,,,,,16.744211196899414,16.76529312133789,-1.4727641344070437,-0.9451855421066284,1.0005733966827393,-2.8409602642059326,2.504016399383545,-0.0086196903139352,100.0,100.0,100.0,,unknown/manual
route_89,137,1778181144.9595306,2026-05-07 19:12,55,10,0.383203125,2.458590199224634,0.961907385917161,0.1796571216752631,0.1279676221311092,-0.0797198377549648,42.3674218635273,16.51959228515625,16.536624908447266,-0.322480708360672,-0.3955859839916229,0.9885071516036988,-2.8837738037109375,2.504347801208496,-0.0104266414418816,100.0,100.0,100.0,,unknown/manual
route_a3,163,1780152568.262994,2026-05-30 14:49,7,0,0.0,,,,,,,16.77130126953125,16.571577072143555,-0.9622751474380492,-1.145645022392273,1.0013445615768433,-2.8292086124420166,2.444610118865967,-0.0081112021580338,100.0,100.0,100.0,,unknown/manual
route_9e,158,1780071084.101553,2026-05-29 16:11,21,3,0.3549631365655973,1.7460658573486578,0.728026483039677,0.2472749303143687,0.08388552069664,0.0096456073224544,52.06826774547577,16.54533576965332,16.370065689086914,-0.284955233335495,-0.6973293423652649,1.000027418136597,-2.9206502437591553,2.488670587539673,-0.0121292890980839,100.0,100.0,100.0,9.999999747378752e-05,weak
route_a1,161,1780146538.795987,2026-05-30 13:08,15,5,0.7872141420754806,1.6558011436732991,0.7292236631400792,0.1506299752892457,0.0811568424105644,-0.0073579256422817,58.96351685398102,16.58954620361328,16.744211196899414,0.7586796879768372,-1.4727641344070437,0.9977527260780334,-2.8590753078460693,2.497809410095215,-0.009413500316441,100.0,100.0,100.0,0.0001000000047497,weak
route_6a,106,1777233660.8566716,2026-04-26 20:01,91,9,0.6600668720907362,1.2234873904120458,0.5588099353624774,0.1384579673629527,0.1012448742985725,0.0348014459013938,53.09976687267304,16.465187072753906,16.54933738708496,-0.704730212688446,-0.6140604615211487,0.989965319633484,-2.9886744022369385,2.4563143253326416,-0.0160449407994747,100.0,100.0,100.0,,unknown/manual
route_96,150,1779466562.7551312,2026-05-22 16:16,36,0,0.0287014218009478,,,,,,,16.117408752441406,16.279090881347656,-1.7436814308166504,-0.6918008923530579,1.064101219177246,-2.8910744190216064,2.4905359745025635,-0.0107205705717206,100.0,100.0,100.0,,unknown/manual
route_9f,159,1780075280.5557775,2026-05-29 17:21,23,1,0.220190638698479,1.3930530195291564,0.6197450667428709,0.2024003606077448,0.0703834071755409,-0.0328210219740867,52.6192297606659,16.370065689086914,16.391677856445312,-0.6973293423652649,0.0578935444355011,0.999939739704132,-2.856677532196045,2.5196661949157715,-0.0093315225094556,100.0,100.0,100.0,0.0001000000047497,weak
route_9a,154,1779546754.488993,2026-05-23 14:32,33,0,0.0,,,,,,,16.638694763183594,16.638694763183594,-0.8516082763671875,-0.8516082763671875,1.0,-3.0038676261901855,2.5345895290374756,-0.0156681183725595,100.0,100.0,100.0,,unknown/manual
route_ab,171,1780755615.5692215,2026-06-06 14:20,4,3,0.5476686283386147,1.32199437450712,0.5419120481402373,0.1384277537173974,0.0754695907235145,-0.0097197387367486,61.39918768764496,16.462270736694336,16.443941116333008,-0.1592374294996261,-0.4770497977733612,0.9999849796295166,-2.9512462615966797,2.420551300048828,-0.0134159121662378,100.0,100.0,100.0,0.0001000000047497,weak
route_a6,166,1780436730.4645824,2026-06-02 21:45,13,0,0.0,,,,,,,16.297597885131836,16.24484634399414,-0.8682000637054443,-0.5761165022850037,1.0,-2.9133212566375732,2.499258041381836,-0.0117042232304811,100.0,100.0,100.0,,unknown/manual
route_ae,174,1780772660.3219218,2026-06-06 19:04,7,0,0.048914126319984,,,,,,,16.69153594970703,16.591209411621094,-0.2212882786989212,-0.6171334385871887,0.9997894167900084,-2.872859001159668,2.4343435764312744,-0.0099878860637545,100.0,100.0,100.0,0.0001026839163387,weak
route_9c,156,1779829553.7584174,2026-05-26 21:05,43,5,0.2960054089326006,1.3046382941554553,0.606730466987004,0.1597253670081405,0.0934473052620887,-0.0398531295359134,61.500362153244026,16.447032928466797,16.548259735107422,-0.6863856911659241,-0.0389671102166175,0.9959718585014344,-2.9397339820861816,2.5316689014434814,-0.0129422163590788,100.0,100.0,100.0,0.0001000000047497,weak
route_9b,155,1779549400.311574,2026-05-23 15:16,43,6,0.7562980000779697,1.7437112746871126,0.7520236292496305,0.2004440459999033,0.1125536598265171,-0.0426104748621583,52.65220330107689,16.638694763183594,16.352310180664062,-0.8516082763671875,-0.7535543441772461,0.9952969551086426,-2.9369325637817383,2.397543668746948,-0.0127627663314342,100.0,100.0,100.0,9.999999747378752e-05,weak
route_a4,164,1780256124.4113832,2026-05-31 19:35,27,2,0.1921430561535928,1.5504327711473898,0.5880636225071877,0.1850463397123514,0.0847028419375419,-0.0224660150706768,56.63064820314408,16.571577072143555,16.537837982177734,-1.145645022392273,-0.2925047576427459,1.0217506885528564,-2.8495306968688965,2.4085757732391357,-0.0089599825441837,100.0,100.0,100.0,0.0001000000047497,weak
route_9d,157,1779836484.5253143,2026-05-26 23:01,43,11,0.4791192815438366,2.2243711994180755,0.8716891762278686,0.1570665110928144,0.1119006723165512,-0.0434112660586833,45.43403578767777,16.548259735107422,16.527515411376953,-0.0389671102166175,-0.2832269370555877,0.9891453981399536,-2.9409048557281494,2.5479183197021484,-0.0129769230261445,100.0,100.0,100.0,9.999999747378752e-05,weak
route_6b,107,1777414267.0262172,2026-04-28 22:11,111,13,0.5665886723272867,1.8157765090260407,0.7214755763214062,0.2285636902822825,0.1383701860904693,-0.0469343736767768,48.36622224191666,16.684011459350586,16.738500595092773,-0.6399705410003662,0.1461156457662582,0.98695969581604,-2.9430737495422363,2.4810571670532227,-0.0139830540865659,100.0,100.0,100.0,,unknown/manual
route_b3,179,1780874052.1844363,2026-06-07 23:14,3,0,0.0,,,,,,,16.628652572631836,16.560312271118164,-0.449928343296051,-0.4348770678043365,0.993053138256073,-2.896645784378052,2.4720845222473145,-0.0109971091151237,100.0,100.0,100.0,,unknown/manual
route_af,175,1780836649.5402937,2026-06-07 12:50,13,1,0.4928307956846104,4.023581895468005,1.1965614578427284,0.3762885153873622,0.2222871482372284,-0.0252824295312166,53.63365812343598,16.599912643432617,16.63465118408203,-0.6344700455665588,-0.5810825228691101,0.9990465641021729,-2.881143808364868,2.445969343185425,-0.0103400088846683,100.0,100.0,100.0,9.999999747378752e-05,weak
route_a9,169,1780490830.6235306,2026-06-03 12:47,26,9,0.5578445065176909,3.142725102922709,1.1960553640669946,0.2086558732913106,0.0986751466989517,0.0625936165452003,47.51327494804383,16.436771392822266,16.704727172851562,-0.7691916227340698,-0.1582452058792114,1.1467409133911133,-3.056361675262451,2.468047857284546,-0.0179322902113199,100.0,100.0,100.0,0.0001000000047497,weak
route_b2,178,1780871590.2655869,2026-06-07 22:33,9,4,0.4907453345036828,3.008375018770082,1.132320910596561,0.1151459688872245,0.1441118009388446,-0.1183596588671207,52.481521256551744,16.797807693481445,16.74195671081543,-0.6484177112579346,-0.3975789248943329,0.9999792575836182,-2.8881306648254395,2.4913487434387207,-0.0106275305151939,100.0,100.0,100.0,0.0001000000047497,weak
route_90,144,1778623995.0708845,2026-05-12 22:13,79,5,0.2804097694512169,3.633509680454425,1.27962972910575,0.3991425123616008,0.1859052330255508,0.019770223647356,47.13341310657501,16.474382400512695,16.651731491088867,-0.5684593915939331,-0.8656653165817261,0.9983265995979308,-2.874476909637451,2.467191219329834,-0.0099079860374331,100.0,100.0,100.0,,unknown/manual
route_b0,176,1780837980.5111053,2026-06-07 13:13,17,6,0.6712422929511748,1.9396459573764648,0.7152379964087101,0.1362019894197189,0.0743267387151718,-0.0123249632306396,56.46747541765214,16.650516510009766,16.74216079711914,-0.5823255777359009,0.0819399133324623,1.0001580715179443,-2.898057699203491,2.47129487991333,-0.0110585307702422,100.0,100.0,100.0,9.999999747378752e-05,weak
route_a7,167,1780439220.778169,2026-06-02 22:27,36,0,0.0,,,,,,,16.244951248168945,16.213409423828125,-0.5676945447921753,-0.1958060413599014,0.9943580627441406,-2.9146103858947754,2.4838926792144775,-0.0117612518370151,100.0,100.0,100.0,,unknown/manual
route_b1,177,1780867455.5938375,2026-06-07 21:24,18,8,0.769978564175849,3.8338006482979585,1.5594501515398005,0.2635774911512275,0.1552342846989631,-0.0482885520905256,55.668035861015326,16.74216079711914,16.762269973754883,0.0819399133324623,-0.6560744643211365,0.998184323310852,-2.879115104675293,2.5018975734710693,-0.0102369245141744,100.0,100.0,100.0,9.999999747378752e-05,weak
route_a8,168,1780449550.8241527,2026-06-03 01:19,41,20,0.631492019884877,1.8077469857439672,0.6971210150119971,0.1901267161216981,0.1297070160508155,-0.044926231727004,48.31345689733506,16.213409423828125,16.425535202026367,-0.1958060413599014,-0.7674611210823059,0.9815325736999512,-2.9834303855895996,2.489431858062744,-0.0147546045482158,100.0,100.0,100.0,9.999999747378752e-05,weak
route_ac,172,1780758059.2329814,2026-06-06 15:00,37,5,0.601876217648634,1.2850032731069223,0.5406712589629227,0.1522675073919784,0.09121785312891,-0.0502298139035701,57.36973209030152,16.464080810546875,16.663589477539062,-0.4833740592002868,-0.6508144736289978,0.9943094849586488,-2.9389028549194336,2.511746883392334,-0.0129034193232655,100.0,100.0,100.0,0.0001000000047497,weak
route_aa,170,1780495684.7384107,2026-06-03 14:08,43,15,0.8391645445486611,2.0854978230827164,0.8762546728939604,0.2430398021297898,0.11392243206501,0.0134266400709748,50.18325599666596,16.704727172851562,16.462270736694336,-0.1582452058792114,-0.1592374294996261,0.9952437877655028,-2.992176055908203,2.4267568588256836,-0.0151895815506577,100.0,100.0,100.0,9.999999747378752e-05,weak
route_b6,182,1781281216.0036683,2026-06-12 16:20,32,0,0.0,,,,,,,16.464014053344727,16.432619094848633,-0.6081628799438477,-0.7614363431930542,1.0288100242614746,-2.921761274337769,2.4695067405700684,-0.0121019054204225,100.0,100.0,100.0,,unknown/manual
route_ad,173,1780771116.725341,2026-06-06 18:38,48,18,0.650711712656944,1.275811020140044,0.5956861333306902,0.214715817579912,0.1125070974230766,-0.0444132508710026,61.90900237663269,16.663589477539062,16.675249099731445,-0.6508144736289978,-0.23540560901165,0.999929666519165,-2.926884889602661,2.453836441040039,-0.0122977988794446,100.0,100.0,100.0,0.0001000000047497,weak
route_b7,183,1781286334.385255,2026-06-12 17:45,32,0,0.0085069500176559,,,,,,,16.432619094848633,16.51517105102539,-0.7614363431930542,-0.4672811031341553,1.0141040086746216,-2.9296185970306396,2.5353446006774902,-0.01249719876796,100.0,100.0,100.0,9.93793219095096e-05,weak
route_b5,181,1781049800.81521,2026-06-10 00:03,43,13,0.673736728854839,2.7381015493012635,1.046039782807514,0.1402087955595004,0.1221829950809478,-0.0552212297916412,51.84112972621918,16.59798812866211,16.464014053344727,0.2284243255853653,-0.6081628799438477,0.9969531893730164,-2.95477294921875,2.4997377395629883,-0.013511941768229,100.0,100.0,100.0,0.0001000000047497,weak
route_b4,180,1781042760.7397614,2026-06-09 22:06,50,9,0.5004546954887471,1.8991619373736428,0.8169364232771736,0.1656201484038802,0.1085534915328025,-0.0505111515522003,59.61050991899491,16.560312271118164,16.59798812866211,-0.4348770678043365,0.2284243255853653,0.9981814622879028,-2.9235615730285645,2.4865400791168213,-0.0121550299227237,100.0,100.0,100.0,0.0001000000047497,weak
route_a5,165,1780435659.520664,2026-06-02 21:27,87,15,0.3391988698645999,1.9294822692080695,0.747131765763249,0.2217855747895562,0.1082968860864639,-0.0212044361978769,45.33905432746887,16.537837982177734,16.313724517822266,-0.2925047576427459,-0.8153098821640015,0.9949280619621276,-2.8988068103790283,2.5032153129577637,-0.0110683785751461,100.0,100.0,100.0,0.0001000000047497,weak
route_c0,192,1781462394.6235805,2026-06-14 18:39,23,0,0.0,,,,,,,16.779417037963867,16.699087142944336,-1.0690183639526367,0.5134553909301758,0.9970044493675232,-2.873302698135376,2.4999475479125977,-0.0100177191197872,100.0,100.0,100.0,,unknown/manual
route_bf,191,1781458399.6914043,2026-06-14 17:33,22,4,0.45563375856218186,3.1179919530889517,1.263085343435808,0.16658324927191073,0.1262032724916935,-0.013502663583494723,50.83588100595475,16.83828353881836,16.779417037963867,0.17100882530212402,-1.0690183639526367,0.9969041347503662,-2.8803529739379883,2.499605178833008,-0.01032593660056591,100.0,100.0,100.0,0.0005000000237487257,golden
route_be,190,1781455284.543141,2026-06-14 16:41,26,5,0.22229090206683408,1.9493154967822357,0.8740379656731114,0.23265269260499122,0.08967987447977066,-0.037543442100286484,57.079529095039376,16.912206649780273,16.83828353881836,0.22262917459011078,0.17100882530212402,1.0,-2.8997275829315186,2.4927895069122314,-0.01119017694145441,100.0,100.0,100.0,0.0005000000237487257,golden
